Course Code,Course Name,Tuition Fee,Application Fee,Intake,Degree,Minimum Level of Education Required,Min GPA,Min TOEFL (Reading),Min TOEFL (Writing),Min TOEFL (Listening),Min TOEFL (Speaking),Min IELTS (Reading),Min IELTS (Writing),Min IELTS (Listening),Min IELTS (Speaking),School ID,DLI#,Min TOEFL iBT,Min IELTS Overall,Min PTE (Reading),Min PTE (Writing),Min PTE (Listening),Min PTE (Speaking),Min PTE Overall,Level,Stream,Sub Stream,Duration,City,Language,Logo
,B.A. International Marketing Management,"13,060",,"Mar, Sept",3 Years,,,,,,,,,,,IUOBU1001,,80,6,,,,,56,Bachelor's Degree,Business,Marketing,per year,,,International University of Bad Honnef (IUBH)
,B.A. International Tourism Management,"13,490",,,3.5 Years,,,,,,,,,,,IUOBU1001,,80,6,,,,,56,Bachelor's Degree,Business,Tourism Management,per year,,,International University of Bad Honnef (IUBH)
,B.A. International Event Management,"13,060",,"Mar, Sept",3 Years,,,,,,,,,,,IUOBU1001,,80,6,,,,,56,Bachelor's Degree,Business,Event Management,per year,,,International University of Bad Honnef (IUBH)
,B.A. Tourism Management,"13,060",,,3 Years,,,,,,,,,,,IUOBU1001,,80,6,,,,,56,Bachelor's Degree,Business,Tourism Management,per year,,,International University of Bad Honnef (IUBH)
,B.A. International Hospitality Management,"13,490",,"Mar, Sept",3.5 Years,,,,,,,,,,,IUOBU1001,,80,6,,,,,56,Bachelor's Degree,Business,Hospitality Management,per year,,,International University of Bad Honnef (IUBH)
,B.A. Hospitality Management,"13,060",,"Mar, Sept",3 Years,,,,,,,,,,,IUOBU1001,,80,6,,,,,56,Bachelor's Degree,Business,Hospitality Management,per year,,,International University of Bad Honnef (IUBH)
,B.A. International Aviation Management,"13,060",,"Mar, Sept",3.5 Years,,,,,,,,,,,IUOBU1001,,80,6,,,,,56,Bachelor's Degree,Business,Aviation Management,per year,,,International University of Bad Honnef (IUBH)
,B.A. International Management,"13,060",,"Mar, Oct, Apr, Sept",3 Years,,,,,,,,,,,IUOBU1001,,80,6,,,,,56,Bachelor's Degree,Business,Management,per year,,,International University of Bad Honnef (IUBH)
,B.A. Aviation Management,"13,060",,"Mar, Sept",3 Years,,,,,,,,,,,IUOBU1001,,80,6,,,,,56,Bachelor's Degree,Business,Aviation Management,per year,,,International University of Bad Honnef (IUBH)
,Master International Management: Aviation (M.A.),"14,580",,"Mar, Oct, Apr, Sept",2 Years,,,,,,,,,,,IUOBU1001,,80,6,,,,,56,Master's Degree,Business,Aviation Management,per year,,,International University of Bad Honnef (IUBH)
,Master International Management: Big Data Management (M.A.),"14,580",,"Mar, Sept",2 Years,,,,,,,,,,,IUOBU1001,,80,6,,,,,56,Master's Degree,Business,Big Data Management,per year,,,International University of Bad Honnef (IUBH)
,Master International Management: Finance & Accounting,"14,580",,"Mar, Oct, Apr, Sept",2 Years,,,,,,,,,,,IUOBU1001,,80,6,,,,,56,Master's Degree,Business,Finance & Accounting,per year,,,International University of Bad Honnef (IUBH)
,Master International Management: Health Care Management (M.A.),"14,580",,"Mar, Oct, Apr, Sept",2 Years,,,,,,,,,,,IUOBU1001,,80,6,,,,,56,Master's Degree,Business,Health Care Management,per year,,,International University of Bad Honnef (IUBH)
,Master International Management: Hospitality (M.A.),"14,580",,"Mar, Oct, Apr, Sept",2 Years,,,,,,,,,,,IUOBU1001,,80,6,,,,,56,Master's Degree,Business,Hospitality Management,per year,,,International University of Bad Honnef (IUBH)
,Master International Management: International Human Resource Management (M.A.),"14,580",,"Mar, Oct, Apr, Sept",1 Years,,,,,,,,,,,IUOBU1001,,80,6,,,,,56,Master's Degree,Business,HR ,per year,,,International University of Bad Honnef (IUBH)
,Master International Management: IT Management (M.A.),"14,580",,"Mar, Oct, Apr, Sept",2 Years,,,,,,,,,,,IUOBU1001,,80,6,,,,,56,Master's Degree,Business,IT Management,per year,,,International University of Bad Honnef (IUBH)
,Master International Management: Transport & Logistics (B.A.),"14,580",,"Mar, Sept",2 Years,,,,,,,,,,,IUOBU1001,,80,6,,,,,56,Master's Degree,Business,Logistics & Transport,per year,,,International University of Bad Honnef (IUBH)
,Master International Management: International Marketing (M.A.),"14,580",,"Mar, Oct, Apr, Sept",2 Years,,,,,,,,,,,IUOBU1001,,80,6,,,,,56,Master's Degree,Business,Marketing,per year,,,International University of Bad Honnef (IUBH)
,MBA International Business: Logistics & Transport,"16,330",,"Mar, Sept",1.5 Years,,,,,,,,,,,IUOBU1001,,80,6,,,,,56,Master's Degree,Business,Logistics & Transport,per year,,,International University of Bad Honnef (IUBH)
,MBA International Business: International Marketing,"16,330",,"Mar, Oct, Apr, Sept",1.5 Years,,,,,,,,,,,IUOBU1001,,80,6,,,,,56,Master's Degree,Business,Marketing,per year,,,International University of Bad Honnef (IUBH)
,MBA International Business: Finance & Accounting,"16,330",,"Mar, Oct, Apr, Sept",1.5 Years,,,,,,,,,,,IUOBU1001,,80,6,,,,,56,Master's Degree,Business,Finance & Accounting,per year,,,International University of Bad Honnef (IUBH)
,MBA International Business,"20,030",,"Mar, Oct, Apr, Sept",1 Years,,,,,,,,,,,IUOBU1001,,80,6,,,,,56,Master's Degree,Business,Business,per year,,,International University of Bad Honnef (IUBH)
,MBA International Business: Engineering Project Management,"16,330",,"Mar, Sept",1.5 Years,,,,,,,,,,,IUOBU1001,,80,6,,,,,56,Master's Degree,Business,Project Management,per year,,,International University of Bad Honnef (IUBH)
,MBA International Business: Health Care Management,"16,330",,"Mar, Oct, Apr, Sept",1.5 Years,,,,,,,,,,,IUOBU1001,,80,6,,,,,56,Master's Degree,Business,Health Care Management,per year,,,International University of Bad Honnef (IUBH)
,MBA International Business: International Human Resource Management,"16,330",,"Mar, Oct, Apr, Sept",1.5 Years,,,,,,,,,,,IUOBU1001,,80,6,,,,,56,Master's Degree,Business,HR ,per year,,,International University of Bad Honnef (IUBH)
,MBA International Business: IT Management,"16,330",,"Mar, Oct, Apr, Sept",1.5 Years,,,,,,,,,,,IUOBU1001,,80,6,,,,,56,Master's Degree,Business,IT Management,per year,,,International University of Bad Honnef (IUBH)
,MBA International Business: Hospitality,"16,330",,"Mar, Oct, Apr, Sept",1.5 Years,,,,,,,,,,,IUOBU1001,,80,6,,,,,56,Master's Degree,Business,Hospitality Management,per year,,,International University of Bad Honnef (IUBH)
,MBA International Business: Big Data Management,"16,330",,"Mar, Oct, Apr, Sept",1.5 Years,,,,,,,,,,,IUOBU1001,,80,6,,,,,56,Master's Degree,Business,Big Data Management,per year,,,International University of Bad Honnef (IUBH)
,MBA International Business: Aviation,"16,330",,"Mar, Oct, Apr, Sept",1.5 Years,,,,,,,,,,,IUOBU1001,,80,6,,,,,56,Master's Degree,Business,Aviation Management,per year,,,International University of Bad Honnef (IUBH)
,M.A. Big Data Management,"17,420",,"Mar, Sept",1 Years,,,,,,,,,,,IUOBU1001,,80,6,,,,,56,Master's Degree,Business,Big Data Management,per year,,,International University of Bad Honnef (IUBH)
,M.A. Engineering Project Management,"17,420",,"Mar, Sept",1 Years,,,,,,,,,,,IUOBU1001,,80,6,,,,,56,Master's Degree,Business,Project Management,per year,,,International University of Bad Honnef (IUBH)
,M.A. International Marketing Management,"17,420",,"Mar, Oct, Apr, Sept",1 Years,,,,,,,,,,,IUOBU1001,,80,6,,,,,56,Master's Degree,Business,Marketing,per year,,,International University of Bad Honnef (IUBH)
,M.A. Leadership & Management,"17,420",,"Oct, Apr",1 Years,,,,,,,,,,,IUOBU1001,,80,6,,,,,56,Master's Degree,Business,Management,per year,,,International University of Bad Honnef (IUBH)
,M.A. International Human Resource Management,"17,420",,"Mar, Oct, Apr, Sept",1 Years,,,,,,,,,,,IUOBU1001,,80,6,,,,,56,Master's Degree,Business,HR ,per year,,,International University of Bad Honnef (IUBH)
,M.A. International Finance & Acounting,"17,420",,"Mar, Oct, Apr, Sept",1 Years,,,,,,,,,,,IUOBU1001,,80,6,,,,,56,Master's Degree,Business,Finance & Accounting,per year,,,International University of Bad Honnef (IUBH)
,M.A. IT Management,"17,420",,"Mar, Oct, Apr, Sept",1 Years,,,,,,,,,,,IUOBU1001,,80,6,,,,,56,Master's Degree,Business,IT Management,per year,,,International University of Bad Honnef (IUBH)
,M.A. Transport & Logistics Management,"17,420",,"Mar, Sept",2 Years,,,,,,,,,,,IUOBU1001,,80,6,,,,,56,Master's Degree,Business,Logistics & Transport,per year,,,International University of Bad Honnef (IUBH)
,M.A. International Aviation Management,"17,420",,"Mar, Oct, Apr, Sept",1 Years,,,,,,,,,,,IUOBU1001,,80,6,,,,,56,Master's Degree,Business,Aviation Management,per year,,,International University of Bad Honnef (IUBH)
,M.A. International Health Care Management,"17,420",,"Mar, Oct, Apr, Sept",1 Years,,,,,,,,,,,IUOBU1001,,80,6,,,,,56,Master's Degree,Business,Health Care Management,per year,,,International University of Bad Honnef (IUBH)
,M.A. International Hospitality Management,"17,420",,"Mar, Oct, Apr, Sept",1 Years,,,,,,,,,,,IUOBU1001,,80,6,,,,,56,Master's Degree,Business,Hospitality Management,per year,,,International University of Bad Honnef (IUBH)
,BA in Economics and Business Administration,"9,500 ", ,"Feb, May, Oct",3 years,,,,,,,5.5,5.5,5.5,5.5,BSBI1001,,,6,,,,,50,Bachelor's Degree,Business,Economics,per annum,Berlin,,Berlin School of Business & Innovation
,BA in Economics and Business Administration with Foundation Diploma,"16,000", ,"Feb, May, Oct",4 years,,,,,,,4.5,4.5,4.5,4.5,BSBI1001,,,5,,,,,42,Bachelor's Degree,Business,Economics,,Berlin,,Berlin School of Business & Innovation
,Global MBA,"13,250", ,"Feb, May, Oct",1.5 years,,,,,,,5.5,5.5,5.5,5.5,BSBI1001,,,6,,,,,50,Masters's Degree,Business,MBA,,Berlin,,Berlin School of Business & Innovation
,MBA,"9,000", ,"Mar, May, Oct",2 years,,2.25,,,,, ,,,,BSBI1001,,,6,,,,,,Masters's Degree,Business,MBA,per year,Berlin,,Berlin School of Business & Innovation
,MBA Maritime and Shipping Management,"13,250", ,"Feb, Oct",1.5 years,,,,,,,5.5,5.5,5.5,5.5,BSBI1001,,,6,,,,,50,Masters's Degree,Business,Marine,,Berlin,,Berlin School of Business & Innovation
,MA in Finance and Investments,"11,800", ,"Feb, Oct",1.5 years,,,,,,,5.5,5.5,5.5,5.5,BSBI1001,,,6,,,,,50,Masters's Degree,Business,Finance,,Berlin,,Berlin School of Business & Innovation
,MA in Strategic Marketing,"11,800", ,"Feb, Oct",1.5 years,,,,,,,5.5,5.5,5.5,5.5,BSBI1001,,,6,,,,,50,Masters's Degree,Business,Marketing,,Berlin,,Berlin School of Business & Innovation
,MA in Innovation and Entrepreneurship,"7,500", ,"Mar, May, Oct",2 years,,,,,,, ,,,,BSBI1001,,,6,,,,,,Masters's Degree,Business,Entrepreneurship,per year,Berlin,,Berlin School of Business & Innovation
,"MA in International Tourism, Hospitality and Event Management","11,800",,"Feb, May, Oct",1.5 years,,,,,,,5.5,5.5,5.5,5.5,BSBI1001,,,6,,,,,50,Masters's Degree,Business,Tourism and Hospitality, ,Berlin,,Berlin School of Business & Innovation
,MSc in International Health Management,"11,800", ,"May, Oct",1.5 years,,,,,,,5.5,5.5,5.5,5.5,BSBI1001,,,6,,,,,50,Masters's Degree,Business,Health Management,,Berlin,,Berlin School of Business & Innovation
,DBA Doctorate in Business Administration,15000,,"Feb, Oct",4 years,,,,,,,6,6,6,6,BSBI1001,,,7,,,,,65,Doctorate Degrees,Business,Business,per year,Berlin,,Berlin School of Business & Innovation
,Bachelor in International Management,7500,,,3 years,,,,,,,,,,,ESC1001,,,6,,,,,,Bachelor's Degree,Business,International Management,per year,,English,ESC Clermont Business School
,Bachelor in International Management: Sports Management option,,,,3 years,,,,,,,,,,,ESC1001,,,6,,,,,,Bachelor's Degree,Business,International Management,per year,,English,ESC Clermont Business School
,Master in Management,9250,,,2 years,,,,,,,,,,,ESC1001,,,6,,,,,,Master's Degree,Business,Management,per year,,English,ESC Clermont Business School
,MSc. in Corporate Finance,11500,,,1.5 years,,,,,,,,,,,ESC1001,,,6,,,,,,Master's Degree,Science,Management,per course,,English,ESC Clermont Business School
,MSc. in Project Management,11500,,,1.5 years,,,,,,,,,,,ESC1001,,,6,,,,,,Master's Degree,Science,Finance,per course,,English,ESC Clermont Business School
,MSc. in International Commerce & Digital Marketing,11500,,,1.5 years,,,,,,,,,,,ESC1001,,,6,,,,,,Master's Degree,Science,Project Management,per course,,English,ESC Clermont Business School
,MSc. in Business Intelligence & Analytics,11500,,,1.5 years,,,,,,,,,,,ESC1001,,,6,,,,,,Master's Degree,Science,Digital Marketing,per course,,English,ESC Clermont Business School
,MSc. in Transforming Mobility – Business Models & Vehicles for the future,11500,,,1.5 years,,,,,,,,,,,ESC1001,,,6,,,,,,Master's Degree,Science,Mobility,per course,,English,ESC Clermont Business School
,MSc. in Strategy & Design for the Anthropocene,11500,,,1.5 years,,,,,,,,,,,ESC1001,,,6,,,,,,Master's Degree,Science,Anthropocene,per course,,English,ESC Clermont Business School
,MSc. in Purchasing & Supply Chain Management,11500,,,1.5 years,,,,,,,,,,,ESC1001,,,6,,,,,,Master's Degree,Science,Supply Chain Management,per course,,English,ESC Clermont Business School
,BBA - Bachelor of Business Administration,"6,450",200,"Oct, Feb, Jun, Aug",3 years,,,,,,,,,,,EUBS1001,,,,,,,,,Bachelor's Degree,Business,Business,per semester,"Barcelona, Geneva, Montreux, Online",,EU Business School
,BA - Bachelor of Arts in Communication & Public Relations,"6,450",200,"Oct, Feb, Jun, Aug",3 years,,,,,,,,,,,EUBS1001,,,,,,,,,Bachelor's Degree,Social Science,Public Relations,per semester,"Barcelona, Geneva, Montreux",,EU Business School
,BA - Bachelor of Arts in Leisure & Tourism Management,"6,450",200,"Oct, Feb, Jun, Aug",3 years,,,,,,,,,,,EUBS1001,,,,,,,,,Bachelor's Degree,Business,Tourism & Hospitality Management,per semester,"Barcelona, Geneva, Montreux",,EU Business School
,BA - Bachelor of Arts in International Relations,"6,450",200,"Oct, Feb, Jun, Aug",3 years,,,,,,,,,,,EUBS1001,,,,,,,,,Bachelor's Degree,Business,International Relations,per semester,"Barcelona, Geneva, Montreux",,EU Business School
,BA - Bachelor of Arts in Sports Management,"6,450",200,"Oct, Feb, Jun, Aug",3 years,,,,,,,,,,,EUBS1001,,,,,,,,,Bachelor's Degree,Business,Sports Management,per semester,"Barcelona, Geneva, Montreux",,EU Business School
,"BA - Bachelor of Arts in Digital Business, Design & Innovation","6,450",200,"Oct, Feb, Jun, Aug",3 years,,,,,,,,,,,EUBS1001,,,,,,,,,Bachelor's Degree,Business,Digital Business,per semester,"Barcelona, Geneva, Montreux",,EU Business School
,BS - Bachelor of Science in Business Finance,"13,800",200,"Oct, Feb, Jun, Aug",3 years,,,,,,,,,,,EUBS1001,,,,,,,,,Bachelor's Degree,Business,Finance,per semester,"Geneva, Montreux",,EU Business School
,BA (Hons) in Business Management,"6,450",200,"Oct, Feb",3 years,,,,,,,,,,,EUBS1001,,,,,,,,,Bachelor's Degree,Business,Management,per semester,Munich,,EU Business School
,BA (Hons) in Business Management (Marketing),"6,450",200,"Oct, Feb. Year-round admission",3 years,,,,,,,,,,,EUBS1001,,,,,,,,,Bachelor's Degree,Business,Marketing,per semester,"Barcelona, Munich",,EU Business School
,BA (Hons) in Business Management (Finance),"6,450",200,"Oct, Feb. Year-round admission",3 years,,,,,,,,,,,EUBS1001,,,,,,,,,Bachelor's Degree,Business,Finance,per semester,"Barcelona, Munich",,EU Business School
,BA (Hons) in Business Management (Enterprise),"6,450",200,"Oct, Feb. Year-round admission",3 years,,,,,,,,,,,EUBS1001,,,,,,,,,Bachelor's Degree,Business,Enterprise,per semester,"Barcelona, Munich",,EU Business School
,BA (Hons) in Business Management (HR Management),"6,450",200,"Oct, Feb. Year-round admission",3 years,,,,,,,,,,,EUBS1001,,,,,,,,,Bachelor's Degree,Business,Human Resource,per semester,"Barcelona, Munich",,EU Business School
,BA (Hons) in Business Management (International Business),"6,450",200,"Oct, Feb. Year-round admission",3 years,,,,,,,,,,,EUBS1001,,,,,,,,,Bachelor's Degree,Business,International Business,per semester,Barcelona,,EU Business School
,BSc (Hons) in International Business,"6,450",200,"Oct, Feb, Jun, Aug",3 years,,,,,,,,,,,EUBS1001,,,,,,,,,Bachelor's Degree,Business,International Business,per semester,Munich,,EU Business School
,Master in Management,"4,600",200,"Oct, Jan, Mar",1 year,,,,,,,,,,,EUBS1001,,,,,,,,,Master's Degree,Business,Management,per term,"Barcelona, Geneva, Montreux, Online",,EU Business School
,Master in Marketing,"4,600",200,"Oct, Jan, Mar",1 year,,,,,,,,,,,EUBS1001,,,,,,,,,Master's Degree,Business,Marketing,per term,"Barcelona, Geneva, Montreux, Online",,EU Business School
,Master in Finance,"4,600",200,"Oct, Jan, Mar",1 year,,,,,,,,,,,EUBS1001,,,,,,,,,Master's Degree,Business,Finance,per term,"Barcelona, Geneva, Montreux",,EU Business School
,Master in Tourism & Hospitality Management,"4,600",200,"Oct, Jan, Mar",1 year,,,,,,,,,,,EUBS1001,,,,,,,,,Master's Degree,Business,Tourism & Hospitality Management,per term,"Barcelona, Geneva, Montreux",,EU Business School
,Master in Innovation & Entrepreneurship,"4,600",200,"Oct, Jan, Mar",1 year,,,,,,,,,,,EUBS1001,,,,,,,,,Master's Degree,Business,Entrepreneurship,per term,"Barcelona, Geneva, Montreux, Online",,EU Business School
,Master in Digital Business,"4,600",200,"Oct, Jan, Mar",1 year,,,,,,,,,,,EUBS1001,,,,,,,,,Master's Degree,Business,Digital Business,per term,"Barcelona, Geneva, Montreux",,EU Business School
,Master in Fashion & Luxury Business,"4,600",200,"Oct, Jan, Mar",1 year,,,,,,,,,,,EUBS1001,,,,,,,,,Master's Degree,Business,Fashion & Luxury,per term,"Barcelona, Geneva, Montreux, Online",,EU Business School
,MBA in International Business,"6,950",200,"Oct, Jan, Mar",1 year,,,,,,,,,,,EUBS1001,,,,,,,,,Master's Degree,Business,International Business,per term,"Barcelona, Geneva, Montreux, Online",,EU Business School
,MBA in Communication & Public Relations,"6,950",200,"Oct, Jan, Mar",1 year,,,,,,,,,,,EUBS1001,,,,,,,,,Master's Degree,Business,Public Relations,per term,"Barcelona, Geneva, Montreux, Online",,EU Business School
,MBA in International Marketing,"6,950",200,"Oct, Jan, Mar",1 year,,,,,,,,,,,EUBS1001,,,,,,,,,Master's Degree,Business,International Business,per term,"Barcelona, Geneva, Montreux, Online",,EU Business School
,MBA in Global Banking & Finance,"6,950",200,"Oct, Jan, Mar",1 year,,,,,,,,,,,EUBS1001,,,,,,,,,Master's Degree,Business,Banking & Finance,per term,"Barcelona, Geneva, Montreux, Online",,EU Business School
,MBA in Leisure & Tourism Management,"6,950",200,"Oct, Jan, Mar",1 year,,,,,,,,,,,EUBS1001,,,,,,,,,Master's Degree,Business,Tourism Management,per term,"Barcelona, Geneva, Montreux",,EU Business School
,MBA in Entrepreneurship,"6,950",200,"Oct, Jan, Mar",1 year,,,,,,,,,,,EUBS1001,,,,,,,,,Master's Degree,Business,Entrepreneurship,per term,"Barcelona, Geneva, Montreux, Online",,EU Business School
,MBA in Digital Business,"6,950",200,"Oct, Jan, Mar",1 year,,,,,,,,,,,EUBS1001,,,,,,,,,Master's Degree,Business,Digital Business,per term,"Barcelona, Geneva, Montreux, Online",,EU Business School
,MBA in Sports Management,"6,950",200,"Oct, Jan, Mar",1 year,,,,,,,,,,,EUBS1001,,,,,,,,,Master's Degree,Business,Sports Management,per term,"Barcelona, Geneva, Montreux",,EU Business School
,MBA in Human Resources Management,"6,950",200,"Oct, Jan, Mar",1 year,,,,,,,,,,,EUBS1001,,,,,,,,,Master's Degree,Business,Human Resource,per term,"Barcelona, Geneva, Montreux, Online",,EU Business School
,MBA in Design Management,"6,950",200,"Oct, Jan, Mar",1 year,,,,,,,,,,,EUBS1001,,,,,,,,,Master's Degree,Business,Design Management,per term,"Barcelona, Geneva, Montreux",,EU Business School
,MBA in Blockchain Management,"6,950",200,"Oct, Jan, Mar",1 year,,,,,,,,,,,EUBS1001,,,,,,,,,Master's Degree,Business,Blockchain Manageme,per term,"Barcelona, Geneva, Montreux, Online",,EU Business School
,Master of Business Administration (MBA),"6,950",200,"Oct, Jan, Mar",1 year,,,,,,,,,,,EUBS1001,,,,,,,,,Master's Degree,Business,Business Adminstration,per term,"Barcelona, Geneva, Montreux, Online",,EU Business School
,MSc in International Management,"6,950",200,"Oct, Jan, Mar",1 year,,,,,,,,,,,EUBS1001,,,,,,,,,Master's Degree,Business,International Management,per term,"Barcelona, Geneva, Montreux, Online",,EU Business School
,English Foundation Program,"4,900",200,"Sept, Feb, Jun",13 weeks,,,,,,,,,,,EUBS1001,,,,,,,,,Foundation,Business,Foundation Program,,"Barcelona, Geneva, Montreux, Munich",,EU Business School
,Business Bridging Program,"6,450",200,"Oct, Feb, Jun",13 weeks,,,,,,,,,,,EUBS1001,,,,,,,,,Master's Degree,Business,Bridging Program,,"Barcelona, Geneva, Montreux, Munich",,EU Business School
,MSc in International Management,"6,950",200,"Oct, Jan, Mar",1 year,,,,,,,,,,,EUBS1001,,,,,,,,,Master's Degree,Business,International Management,per term,Munich,,EU Business School
,Master of Business Administration (MBA),"7,500",200,"Oct, Jan, Mar",1 year,,,,,,,,,,,EUBS1001,,,,,,,,,Master's Degree,Business,Business Adminstration,per term,Munich,,EU Business School
,EBBA - Executive Bachelor in Business Administration,"6,450",200,"Oct, Feb",1 year,,,,,,,,,,,EUBS1001,,,,,,,,,Higher Education Degrees,Business,Business Adminstration,per semester,"Barcelona, Geneva, Montreux, Online",,EU Business School
,Doctor of Business Administration (DBA),"4,750",200,Academic year,2-5 years,,,,,,,,,,,EUBS1001,,,,,,,,,Doctorate Degrees,Business,Business Adminstration,per semester,Geneva,,EU Business School
,BA (Hons) Business Management,12000,,Sep,3 years,,,,,,,5.5,5.5,5.5,5.5,GBS1001,,,6,,,,,,Bachelor's Degree,Business,Management,per year,Berlin,,GISMA Business School
,BSc (Hons) Digital Business Management,12000,,Sep,3 years,,,,,,,5.5,5.5,5.5,5.5,GBS1001,,,6,,,,,,Bachelor's Degree,Business,Management,per year,Berlin,,GISMA Business School
,BA (Hons) Business Management (Marketing),12000,,Sep,3 years,,,,,,,5.5,5.5,5.5,5.5,GBS1001,,,6,,,,,,Bachelor's Degree,Business,Marketing,per year,Berlin,,GISMA Business School
,BSc (Hons) International Business Management,12000,,Sep,3 years,,,,,,,5.5,5.5,5.5,5.5,GBS1001,,,6,,,,,,Bachelor's Degree,Business,Management,per year,Berlin,,GISMA Business School
,BSc (Hons) Digital Marketing,12000,,Sep,3 years,,,,,,,5.5,5.5,5.5,5.5,GBS1001,,,6,,,,,,Bachelor's Degree,Business,Marketing,per year,Berlin,,GISMA Business School
,MBA,31450,,Nov,1 year,,,22,22,22,22,6,6,6,6,GBS1001,,94,6.5,,,,,63,Master's Degree,Business,Business,per course,Berlin,,GISMA Business School
,Manager D’Affaires Internationales/MSc Management in International Business,20350,,Nov,1 year,,,22,22,22,22,6,6,6,6,GBS1001,,94,6.5,,,,,63,Master's Degree,Business,International Business,per course,Berlin,,GISMA Business School
,"MSc Innovation, Strategy and Entrepreneurship",21450,,Nov,1 year,,,22,22,22,22,6,6,6,6,GBS1001,,94,6.5,,,,,63,Master's Degree,Science,International Business,per course,Berlin,,GISMA Business School
,MSc Marketing Management,19450,,Nov,1 year,,,22,22,22,22,6,6,6,6,GBS1001,,94,6.5,,,,,63,Master's Degree,Business,Marketing,per course,Berlin,,GISMA Business School
,MSc Corporate Financial Management,15000,,"Jan, Apr, Jun, Sep",1 year,,,,,,,5.5,5.5,5.5,5.5,GBS1001,,,6.5,,,,,,Master's Degree,Business,Finance,per course,"Berlin, Germany",,GISMA Business School
,MSc Global Accounting,15000,,"Jan, Apr, Jun, Sep",1 year,,,,,,,5.5,5.5,5.5,5.5,GBS1001,,,6.5,,,,,,Master's Degree,Business,Accounting,per course,Berlin,,GISMA Business School
,MSc International Business Management,16500,,Oct,1 year,,,,,,,,,,,GBS1001,,,6.5,,,,,,Master's Degree,Business,International Business,per course,Hamburg,,GISMA Business School
,MSc International Marketing,15000,,"Jan, Apr, Jun, Sep",1 year,,,,,,,5.5,5.5,5.5,5.5,GBS1001,,,6.5,,,,,,Master's Degree,Business,International Business,per course,Berlin,,GISMA Business School
,MSc Leadership and Human Resource Management,15000,,"Jan, Apr, Jun, Sep",1 year,,,,,,,5.5,5.5,5.5,5.5,GBS1001,,,6.5,,,,,,Master's Degree,Business,Human Resource,per course,Berlin,,GISMA Business School
,MSc Strategic Business Management,15000,,"Jan, Apr, Jun, Sep",1 year,,,,,,,5.5,5.5,5.5,5.5,GBS1001,,,6.5,,,,,,Master's Degree,Business,Management,per course,Berlin,,GISMA Business School
,MSc Digital Sales and Management,16000,,"Jan, Apr, Jun, Sep",1 year,,,,,,,5.5,5.5,5.5,5.5,GBS1001,,,6.5,,,,,,Master's Degree,Business,Digital Sales,per course,Berlin,,GISMA Business School
,MSc Financial Compliance and Governance,16000,,"Jan, Apr, Jun, Sep",1 year,,,,,,,5.5,5.5,5.5,5.5,GBS1001,,,6.5,,,,,,Master's Degree,Business,Finance,per course,Berlin,,GISMA Business School
,MSc Financial Risk Management,16000,,"Jan, Apr, Jun, Sep",1 year,,,,,,,5.5,5.5,5.5,5.5,GBS1001,,,6.5,,,,,,Master's Degree,Business,Finance,per course,Berlin,,GISMA Business School
,MSc Project Management,16000,,"Jan, Apr, Jun, Sep",1 year,,,,,,,5.5,5.5,5.5,5.5,GBS1001,,,6.5,,,,,,Master's Degree,Business,Project Management,per course,Berlin,,GISMA Business School
,MSc Digital Marketing,16000,,"Jan, Apr, Jun, Sep",1 year,,,,,,,5.5,5.5,5.5,5.5,GBS1001,,,6.5,,,,,,Master's Degree,Business,Digital Marketing,per course,Berlin,,GISMA Business School
,MSc Business Intelligence and Analytics,16000,,"Jan, Apr, Jun, Sep",1 year,,,,,,,5.5,5.5,5.5,5.5,GBS1001,,,6.5,,,,,,Master's Degree,Science,Analytics,per course,Berlin,,GISMA Business School
,MSc Cyber Security and Data Governance,16000,,"Jan, Apr, Jun, Sep",1 year,,,,,,,5.5,5.5,5.5,5.5,GBS1001,,,6.5,,,,,,Master's Degree,Science,Cuber Security,per course,Berlin,,GISMA Business School
,MSc Financial Compliance,16000,,Sep,1 year,,,,,,,5.5,5.5,5.5,5.5,GBS1001,,,6.5,,,,,,Master's Degree,Business,Finance,per course,Berlin,,GISMA Business School
,MSc Data Management and Cyber Security,16000,,"Apr, Jun, Sep",1 year,,,,,,,5.5,5.5,5.5,5.5,GBS1001,,,6.5,,,,,,Master's Degree,Science,Cyber Security,per course,Berlin,,GISMA Business School
,Master in International Business,"20,350",,Aug,1 year,,,22,22,22,22,6,6,6,6,GBS1001,,94,6.5,,,,,63,Master's Degree,Business,International Business,per course,Berlin,,GISMA Business School
,Master in European Studies,9800,,Oct,1 year,,,,,,,,,,,IGC1001,,,6,,,,,,Master's Degree,Arts,European Studies,per course,,English,IGC - International Graduate Center
,MBA in Global Management,14900,,Oct,1.5 years,,,,,,,,,,,IGC1001,,,6.5,,,,,,Master's Degree,Business,Global Management,per course,,English,IGC - International Graduate Center
,MBA in International Tourism Management,13500,,Oct,1.5 years,,,,,,,,,,,IGC1001,,,6,,,,,,Master's Degree,Business,Tourism Management,per course,,English,IGC - International Graduate Center
,MBA in European/Asian Management,14900,,Oct,1.5 years,,,,,,,,,,,IGC1001,,,6.5,,,,,,Master's Degree,Business,Management,per course,,English,IGC - International Graduate Center
,Master in Aeronautical Management,8500,,Oct,1 year,,,,,,,,,,,IGC1001,,,6,,,,,,Master's Degree,Business,Aeronautical Management,per course,,English,IGC - International Graduate Center
,International MBA - Focus International Finance & Investments,16000,,Oct,1.5 years,,,,,,,,,,,IGC1001,,,6.5,,,,,,Master's Degree,Business,MBA,per course,,English,IGC - International Graduate Center
,International MBA - Focus International Marketing,16000,,Oct,1.5 years,,,,,,,,,,,IGC1001,,,6.5,,,,,,Master's Degree,Business,MBA,per course,,English,IGC - International Graduate Center
,International MBA - Focus Management in Emerging Economies,16000,,Oct,1.5 years,,,,,,,,,,,IGC1001,,,6.5,,,,,,Master's Degree,Business,MBA,per course,,English,IGC - International Graduate Center
,International MBA - Focus Human Resource Management,17200,,Oct,1.5 years,,,,,,,,,,,IGC1001,,,6.5,,,,,,Master's Degree,Business,MBA,per course,,English,IGC - International Graduate Center
,International MBA - Focus International Entrepreneurship,16000,,Oct,1.5 years,,,,,,,,,,,IGC1001,,,6.5,,,,,,Master's Degree,Business,MBA,per course,,English,IGC - International Graduate Center
,Economics and Politics,2600,80,Sept,3.5 years,,,,,,,,,,,ISMU1001,,60,5.5,,,,,,Bachelor's Degree,Business,Economics,per semester,,English,ISM University of Management and Economics
,Business Management and Marketing,,80,Sept,3.5 years,,,,,,,,,,,ISMU1001,,60,5.5,,,,,,Bachelor's Degree,Business,Management & Marketing,per semester,,English,ISM University of Management and Economics
,Finance,2600,80,Sept,3.5 years,,,,,,,,,,,ISMU1001,,60,5.5,,,,,,Bachelor's Degree,Business,Finance,per semester,,English,ISM University of Management and Economics
,Economics and Data Analytics,,80,Sept,3.5 years,,,,,,,,,,,ISMU1001,,60,5.5,,,,,,Bachelor's Degree,Business,Economics,per semester,,English,ISM University of Management and Economics
,International Business and Communication,2600,80,Sept,3.5 years,,,,,,,,,,,ISMU1001,,60,5.5,,,,,,Bachelor's Degree,Business,International Business,per semester,,English,ISM University of Management and Economics
,Industrial Technology Management,2600,80,Sept,3.5 years,,,,,,,,,,,ISMU1001,,60,5.5,,,,,,Bachelor's Degree,Business,Industrial Technology,per semester,,English,ISM University of Management and Economics
,International Marketing and Management,2475,80,Sept,2 years,,,,,,,,,,,ISMU1001,,,,,,,,,Master's Degree,Business,Management & Marketing,per semester,,English,ISM University of Management and Economics
,Innovation and Technology Management,3300,80,Sept,1.5 years,,,,,,,,,,,ISMU1001,,,,,,,,,Master's Degree,Business,Innovation and Technology,per semester,,English,ISM University of Management and Economics
,Financial Economics,2475,80,Sept,2 years,,,,,,,,,,,ISMU1001,,,,,,,,,Master's Degree,Business,Finance,per semester,,English,ISM University of Management and Economics
,Executive MBA,18600,,Sept,1 year,,,,,,,,,,,ISMU1001,,,,,,,,,Master's Degree,Business,MBA,per course,,English,ISM University of Management and Economics
,Doctoral Programme in Management,5323,150,,4 years,,,,,,,,,,,ISMU1001,,70,6,,,,,,Doctorate Degrees,Business,Management,per semester,,English,ISM University of Management and Economics
,Doctoral Programme in Economics,10646,,,4 years,,,,,,,,,,,ISMU1001,,,,,,,,,Doctorate Degrees,Business,Economics,per year,,English,ISM University of Management and Economics
,Bachelor of Science in Computer Science,13070,50,"Sep, Oct",3 years,,,80,80,80,80,5.5,5.5,5.5,5.5,IUBH1001,,80,6,,,,,,Bachelor's Degree,Science,Computer Science,per year,"Bad Honnef, Berlin",,IUBH University of Applied Sciences
,Bachelor of Arts in Digital Business,13070,50,"Sep, Oct",3 years,,,80,80,80,80,5.5,5.5,5.5,5.5,IUBH1001,,80,6,,,,,,Bachelor's Degree,Business & Arts,Digital Business,per year,"Bad Honnef, Berlin",,IUBH University of Applied Sciences
,Masters of Arts in International Human Resource Management,17430,50,"Mar, Apr, Sep, Oct",1 years,,,80,80,80,80,5.5,5.5,5.5,5.5,IUBH1001,,80,6,,,,,,Master's Degree,Business & Arts,Human Resource,per year,"Bad Honnef, Berlin",,IUBH University of Applied Sciences
,Masters of Arts  International Hospitality Management,17430,50,"Mar, Apr, Sep, Oct",1 years,,,80,80,80,80,5.5,5.5,5.5,5.5,IUBH1001,,80,6,,,,,,Master's Degree,Business & Arts,Hospitality,per year,"Bad Honnef, Berlin",,IUBH University of Applied Sciences
,Masters of Arts in International Management- Hospitality,15250,50,"Mar, Sep, Apr, Oct",2 years,,,80,80,80,80,5.5,5.5,5.5,5.5,IUBH1001,,80,6,,,,,,Master's Degree,Business & Arts,Hospitality,per year,"Bad Honnef, Berlin",,IUBH University of Applied Sciences
,Master of Arts in International Finance & Accounting,17430,50,"Mar, Sep, Oct Apr",1 years,,,80,80,80,80,5.5,5.5,5.5,5.5,IUBH1001,,80,6,,,,,,Master's Degree,Business & Arts,Finance & Accounting,per year,"Bad Honnef, Berlin",,IUBH University of Applied Sciences
,Master of Arts in International Management- Finance & Accounting,15250,50,"Mar, Apr, Sep, Oct",2 years,,,80,80,80,80,5.5,5.5,5.5,5.5,IUBH1001,,80,6,,,,,,Master's Degree,Business & Arts,Finance & Accounting,per year,"Bad Honnef, Berlin",,IUBH University of Applied Sciences
,Master of Arts in International Management- International Marketing,15250,50,"Mar, Apr, Sep, Oct",2 years,,,80,80,80,80,5.5,5.5,5.5,5.5,IUBH1001,,80,6,,,,,,Master's Degree,Business & Arts,International Marketing,per year,"Bad Honnef, Berlin",,IUBH University of Applied Sciences
,Master of Arts in International Management- Aviation,15250,50,"Mar, Apr, Sep, Oct",2 years,,,80,80,80,80,5.5,5.5,5.5,5.5,IUBH1001,,80,6,,,,,,Master's Degree,Business & Arts,Aviation,per year,"Bad Honnef, Berlin",,IUBH University of Applied Sciences
,Master of Arts in International Management- Big Data Management,15250,50,"Mar, Sep, Oct",2 years,,,80,80,80,80,5.5,5.5,5.5,5.5,IUBH1001,,80,6,,,,,,Master's Degree,Business & Arts,Big Data,per year,"Bad Honnef, Berlin",,IUBH University of Applied Sciences
,Master of Arts international management- IT Management,15250,50,"Mar, Apr, Sep, Oct",2 years,,,80,80,80,80,5.5,5.5,5.5,5.5,IUBH1001,,80,6,,,,,,Master's Degree,Business & Arts,IT,per year,"Bad Honnef, Berlin",,IUBH University of Applied Sciences
,Master of Science in Computer Science,17430,50,"Oct, Mar",1 years,,,80,80,80,80,5.5,5.5,5.5,5.5,IUBH1001,,80,6,,,,,,Master's Degree,Science,Computer Science,per year,"Bad Honnef, Berlin",,IUBH University of Applied Sciences
,Master of Arts in Big Data Management,17430,50,"Mar, Sep, Oct",1 years,,,80,80,80,80,5.5,5.5,5.5,5.5,IUBH1001,,80,6,,,,,,Master's Degree,Business & Arts,Big Data,per year,"Bad Honnef, Berlin",,IUBH University of Applied Sciences
,Bachelor of Arts in Aviation Management,13070,50,"Mar, Sep",3 years,,,80,80,80,80,5.5,5.5,5.5,5.5,IUBH1001,,80,6,,,,,,Bachelor's Degree,Business & Arts,Aviation,per year,"Bad Honnef, Berlin",,IUBH University of Applied Sciences
,Bachelor of Arts in International Aviation Management,13070,50,"Mar, Sep",3.5 years,,,80,80,80,80,5.5,5.5,5.5,5.5,IUBH1001,,80,6,,,,,,Bachelor's Degree,Business & Arts,Aviation,per year,"Bad Honnef, Berlin",,IUBH University of Applied Sciences
,Bachelor of Arts in International Management,13070,50,"Mar, Sep, Oct",3 years,,,80,80,80,80,5.5,5.5,5.5,5.5,IUBH1001,,80,6,,,,,,Bachelor's Degree,Business & Arts,International Management,per year,"Bad Honnef, Berlin",,IUBH University of Applied Sciences
,Bachelor of Arts in International Event Management,13070,50,"Mar, Sep",3 years,,,80,80,80,80,5.5,5.5,5.5,5.5,IUBH1001,,80,6,,,,,,Bachelor's Degree,Business & Arts,Event Management,per year,Bad Honnef,,IUBH University of Applied Sciences
,Bachelor of Arts in International Marketing Management,13070,50,"Mar, Sep, Oct",3 years,,,80,80,80,80,5.5,5.5,5.5,5.5,IUBH1001,,80,6,,,,,,Bachelor's Degree,Business & Arts,Marketing,per year,"Bad Honnef, Berlin",,IUBH University of Applied Sciences
,Bachelor of Arts in  International Hospitality Management,13510,50,"Mar, Sep",3.5 years,,,80,80,80,80,5.5,5.5,5.5,5.5,IUBH1001,,80,6,,,,,,Bachelor's Degree,Business & Arts,Hospitality,per year,Bad Honnef,,IUBH University of Applied Sciences
,Bachelor of Arts in Hospitality Management,13070,50,"Mar, Sep",3 years,,,80,80,80,80,5.5,5.5,5.5,5.5,IUBH1001,,80,6,,,,,,Bachelor's Degree,Business & Arts,Hospitality,per year,Bad Honnef,,IUBH University of Applied Sciences
,Master of Arts in International Health Care Management,17430,50,"Mar, Sep, Apr, Oct",1 years,,,80,80,80,80,5.5,5.5,5.5,5.5,IUBH1001,,80,6,,,,,,Master's Degree,Business & Arts,Health,per year,"Bad Honnef, Berlin",,IUBH University of Applied Sciences
,Master of Arts in International Marketing Mangement,17430,50,"Mar, Sep, Apr, Oct",1 years,,,80,80,80,80,5.5,5.5,5.5,5.5,IUBH1001,,80,6,,,,,,Master's Degree,Business & Arts,Marketing,per year,"Bad Honnef, Berlin",,IUBH University of Applied Sciences
,Master of Arts in International Aviation Management,17430,50,"Mar, Sep, Oct Apr",1 years,,,80,80,80,80,5.5,5.5,5.5,5.5,IUBH1001,,80,6,,,,,,Master's Degree,Business & Arts,Aviation,per year,"Bad Honnef, Berlin",,IUBH University of Applied Sciences
,Master of Engineering in Engineering Management,17430,50,Sep,1 years,,,80,80,80,80,5.5,5.5,5.5,5.5,IUBH1001,,80,6,,,,,,Master's Degree,Engineering,Management,per year,Bad Honnef,,IUBH University of Applied Sciences
,Master of Arts in Transport & Logistics Management,17430,50,"Mar, Sep",1 years,,,80,80,80,80,5.5,5.5,5.5,5.5,IUBH1001,,80,6,,,,,,Master's Degree,Business & Arts,Transport & Logistics,per year,Bad Honnef,,IUBH University of Applied Sciences
,Master of Arts in International Management - Health Care Management,15250,50,"Mar Mar, Sep, Apr, Oct",2 years,,,80,80,80,80,5.5,5.5,5.5,5.5,IUBH1001,,80,6,,,,,,Master's Degree,Business & Arts,Health,per year,"Bad Honnef, Berlin",,IUBH University of Applied Sciences
,Master of Arts in International Management - International Human Resources Management,15250,50,"Mar, Sep, Apr, Oct",2 years,,,80,80,80,80,5.5,5.5,5.5,5.5,IUBH1001,,80,6,,,,,,Master's Degree,Business & Arts,Human Resource,per year,"Bad Honnef, Berlin",,IUBH University of Applied Sciences
,Master of Arts in International Management - Logistics & Transport,15250,50,"Mar, Sep",2 years,,,80,80,80,80,5.5,5.5,5.5,5.5,IUBH1001,,80,6,,,,,,Master's Degree,Business & Arts,Transport & Logistics,per year,Bad Honnef,,IUBH University of Applied Sciences
,MBA,19610,50,"Mar, Sep, Apr, Oct",1 years,,,80,80,80,80,5.5,5.5,5.5,5.5,IUBH1001,,80,6,,,,,,Master's Degree,Business,MBA,per year,"Bad Honnef, Berlin",,IUBH University of Applied Sciences
,MBA - Aviation,16340,50,"Mar, Sep, Apr, Oct",1.5 years,,,80,80,80,80,5.5,5.5,5.5,5.5,IUBH1001,,80,6,,,,,,Master's Degree,Business,Aviation,per year,"Bad Honnef, Berlin",,IUBH University of Applied Sciences
,MBA - Big Data Management,16340,50,"Mar, Sep, Apr, Oct",1.5 years,,,80,80,80,80,5.5,5.5,5.5,5.5,IUBH1001,,80,6,,,,,,Master's Degree,Business,Big Data,per year,"Bad Honnef, Berlin",,IUBH University of Applied Sciences
,MBA - Finance & Accounting,16340,50,"Mar, Sep, Apr, Oct",1.5 years,,,80,80,80,80,5.5,5.5,5.5,5.5,IUBH1001,,80,6,,,,,,Master's Degree,Business,Finance & Accounting,per year,"Bad Honnef, Berlin",,IUBH University of Applied Sciences
,MBA - Health Care Management,16340,50,"Mar, Sep, Apr, Oct",1.5 years,,,80,80,80,80,5.5,5.5,5.5,5.5,IUBH1001,,80,6,,,,,,Master's Degree,Business,Health Care,per year,"Bad Honnef, Berlin",,IUBH University of Applied Sciences
,MBA - Hospitality,16340,50,"Mar, Sep, Apr, Oct",1.5 years,,,80,80,80,80,5.5,5.5,5.5,5.5,IUBH1001,,80,6,,,,,,Master's Degree,Business,Hospitality,per year,"Bad Honnef, Berlin",,IUBH University of Applied Sciences
,MBA - International Human Resource Management,16340,50,"Mar, Sep, Apr, Oct",1.5 years,,,80,80,80,80,5.5,5.5,5.5,5.5,IUBH1001,,80,6,,,,,,Master's Degree,Business,Human Resource,per year,"Bad Honnef, Berlin",,IUBH University of Applied Sciences
,MBA - IT Management,16340,50,"Mar, Sep, Apr, Oct",1.5 years,,,80,80,80,80,5.5,5.5,5.5,5.5,IUBH1001,,80,6,,,,,,Master's Degree,Business,IT,per year,"Bad Honnef, Berlin",,IUBH University of Applied Sciences
,MBA - International Marketing,16340,50,"Mar, Sep, Apr, Oct",1.5 years,,,80,80,80,80,5.5,5.5,5.5,5.5,IUBH1001,,80,6,,,,,,Master's Degree,Business,International Marketing,per year,"Bad Honnef, Berlin",,IUBH University of Applied Sciences
,MBA - Engineering Project Management,16340,50,"Mar, Sep, Apr, Oct",1.5 years,,,80,80,80,80,5.5,5.5,5.5,5.5,IUBH1001,,80,6,,,,,,Master's Degree,Business,Project Management,per year,"Bad Honnef, Berlin",,IUBH University of Applied Sciences
,MBA - Logistics & Transport,16340,50,"Mar, Sep, Apr, Oct",1.5 years,,,80,80,80,80,5.5,5.5,5.5,5.5,IUBH1001,,80,6,,,,,,Master's Degree,Business,Transport & Logistics,per year,"Bad Honnef, Berlin",,IUBH University of Applied Sciences
,Path2Master for Non-Business graduates,4990,50,"Mar, Sep",6 Month,,,80,80,80,80,5,5,5,5,IUBH1001,,80,5,,,,,,Pathway into Graduate Certificate,Pathway,,per year,"Bad Honnef, Berlin",,IUBH University of Applied Sciences
,Master of Arts in Transport & Logistics Management,14600,50,"Mar, Sep",2 years,,,80,80,80,80,5,5,5,5,IUBH1001,,80,5,,,,,,Master's Degree,Business & Arts,Transport & Logistics,per year,Bad Honnef,,IUBH University of Applied Sciences
,Master of Science in Computer Science,15250,50,Mar Oct,2 years,,,80,80,80,80,5,5,5,5,IUBH1001,,80,5,,,,,,Master's Degree,Science,Computer Science,per year,"Bad Honnef, Berlin",,IUBH University of Applied Sciences
,Master of Arts in  IT Management,17430,50,"Mar, Sep, Oct Apr",1 years,,,80,80,80,80,5,5,5,5,IUBH1001,,80,5,,,,,,Master's Degree,Business & Arts,IT,per year,"Bad Honnef, Berlin",,IUBH University of Applied Sciences
,Pathway Programme for Bachelor,11990,50,"Mar, Sep",1 years,,,,,,,4,4,4,4,IUBH1001,,,4.5,,,,,,Pathway into Graduate Certificate,Pathway,,per year,"Bad Honnef, Berlin",,IUBH University of Applied Sciences
,Bachelor International Business (B.A.),36400,,"Feb, Sept",3 years,,,,,,,,,,,MBS1001,,,,,,,,,Bachelor's Degree,Business,International Business,per course,,"English, German",Munich Business School
,Pre-Bachelor International Business,5200,60,,,,,,,,,,,,,MBS1001,,,,,,,,,,Business,International Business,per course,,,Munich Business School
,Master International Business (M.A.),24000,60,Sept,1.5 years,,,20,22,20,20,,,,,MBS1001,,85,6.5,,,,,,Master's Degree,Business,International Business,per course,,"English, German",Munich Business School
,Master Innovation and Entrepreneurship (M.A.),24000,60,Sept,1.5 years,,,20,22,20,20,,,,,MBS1001,,85,6.5,,,,,,Master's Degree,Business,Entrepreneurship,per course,,English,Munich Business School
,Master International Marketing and Brand Management (M.A.),24000,60,Sept,1.5 years,,,20,22,20,20,,,,,MBS1001,,85,6.5,,,,,,Master's Degree,Business,International Marketing,per course,,English,Munich Business School
,Master Sports Business and Communication (M.A.),24000,60,Sept,1.5 years,,,20,22,20,20,,,,,MBS1001,,85,6.5,,,,,,Master's Degree,Business,Sports,per course,,German,Munich Business School
,Pre-Master,30500,60,,,,,,,,,,,,,MBS1001,,,,,,,,,,Business,,per course,,English,Munich Business School
,Master of Business Administration,32000,,"Mar, Sept",,,,20,22,20,20,,,,,MBS1001,,85,6.5,,,,,,Master's Degree,Business,Business,per course,,,Munich Business School
,Bachelor of International Business Administration (BBA),4900,50,"Feb, Mar, May, Aug, Oct, Nov",4 years,,,,,,,,,,,NEC1001,,,6,,,,,,Bachelor's Degree,Business,International Business,per semester,,English,New European College
,Master of Business Management (MBM),6100,50,"Feb, Mar, May, Aug, Oct, Nov",1.5 years,,,,,,,,,,,NEC1001,,,6.5,,,,,,Master's Degree,Business,Management,per semester,,English,New European College
,Master of Business Administration (MBA),6100,50,"Feb, Mar, May, Aug, Oct, Nov",1.5 years,,,,,,,,,,,NEC1001,,,6.5,,,,,,Master's Degree,Business,MBA,per semester,,English,New European College
,"International Business Administration, Bachelor of Arts","5,100",750,"Apr, Oct",3 years,,,,,,,,,,,SRHB1001,,,,,,,,,Bachelor's Degree,Business,Business Administration,per semester,Berlin,English,SRH Berlin University 
,"International Hotel Management, Bachelor of Arts (B. A.)",590,750,Apr,3 years,,,,,,,,,,,SRHB1001,,87,6.5,,,,,,Bachelor's Degree,Business,Hotel Management,per month,Dresden,English,SRH Berlin University 
,Master of Science (M. Sc.) in Software Engineering,5400,750,"Apr, Oct",2 years,,,,,,,,,,,SRHB1001,,87,6.5,,,,,59,Master's Degree,Computer Science and IT,Software Engineering,per semester,Berlin,English,SRH Berlin University 
,Master of Science (M. Sc.) in Computer Science - Focus on Cyber Security,5400,750,"Apr, Oct",2 years,,,,,,,,,,,SRHB1001,,87,6.5,,,,,59,Master's Degree,Computer Science and IT,Cyber Security,per semester,Berlin,English,SRH Berlin University 
,Master of Science (M. Sc.) in Computer Science - Focus on Big Data and Artificial Intelligence,5400,750,"Apr, Oct",2 years,,,,,,,,,,,SRHB1001,,87,6.5,,,,,59,Master's Degree,Computer Science and IT,Big Data & AI,per semester,Berlin,English,SRH Berlin University 
,Executive Master of Business Administration (EMBA),7500,750,"Apr, Oct",1 year,,,,,,,,,,,SRHB1001,,87,6.5,,,,,59,Master's Degree,Business,Business Administration,per semester,Berlin,English,SRH Berlin University 
,Master of Arts (M. A.) Entrepreneurship,5400,750,"Apr, Oct",2 years,,,,,,,,,,,SRHB1001,,87,6.5,,,,,59,Master's Degree,Business,Entrepreneurship,per semester,Berlin,English,SRH Berlin University 
,Master of Arts (M. A.) International Management,5400,750,"Mar, Sept",2 years,,,,,,,,,,,SRHB1001,,87,6.5,,,,,59,Master's Degree,Business,International Management,per semester,Berlin,English,SRH Berlin University 
,Master of Arts (M. A.) International Management - Focus on Creative Management,5400,750,"Apr, Oct",2 years,,,,,,,,,,,SRHB1001,,87,6.5,,,,,59,Master's Degree,Business,Creative Management,per semester,Berlin,English,SRH Berlin University 
,Master of Arts (M. A.) in International Business & Leadership,4080,750,Oct,2 years,,,,,,,,,,,SRHB1001,,87,6.5,,,,,59,Master's Degree,Business,International Business & Leadership,per semester,"Berlin, Dresden",English,SRH Berlin University 
,Master of Science (M. Sc.) in Supply Chain Management,5400,750,"Apr, Oct",2 years,,,,,,,,,,,SRHB1001,,87,6.5,,,,,59,Master's Degree,Business,Supply Chain Management,per semester,Berlin,English,SRH Berlin University 
,Master of Arts (M. A.) in Hospitality Management & Leadership,4080,250,Oct,2 years,,,,,,,,,,,SRHB1001,,84,6,,,,,,Master's Degree,Business,Hospitality Management & Leadership,per semester,"Berlin, Dresden",English,SRH Berlin University 
,Master of Engineering (M. Eng.) Engineering and International Business (M.Eng.),5400,750,"Apr, Oct",2 years,,,,,,,,,,,SRHB1001,,87,6.5,,,,,59,Master's Degree,Engineering,International Business,per semester,Berlin,English,SRH Berlin University 
,Master of Engineering (M. Eng.) Engineering and Sustainable Technology Management - Focus on Mobility and Automotive Management,5400,750,"Apr, Oct",2 years,,,,,,,,,,,SRHB1001,,87,6.5,,,,,59,Master's Degree,Engineering,Sustainable Technology Management,per semester,Berlin,English,SRH Berlin University 
,Master of Engineering (M. Eng.) Engineering and Sustainable Technology Management - Focus on Digital Industry and Industrial Automation,5400,750,"Apr, Oct",2 years,,,,,,,,,,,SRHB1001,,87,6.5,,,,,59,Master's Degree,Engineering,Sustainable Technology Management,per semester,Berlin,English,SRH Berlin University 
,Master of Engineering (M. Eng.) Engineering and Sustainable Technology Management - Focus on Digital Building Infrastructure,5400,750,"Apr, Oct",2 years,,,,,,,,,,,SRHB1001,,87,6.5,,,,,59,Master's Degree,Engineering,Sustainable Technology Management,per semester,Berlin,English,SRH Berlin University 
,Executive Master of Business Administration (EMBA) Executive MBA General Management,"7,500",750,"Apr, Oct",2 years,,,,,,,,,,,SRHB1001,,87,6.5,,,,,59,Master's Degree,Business,Management,per semester,,English,SRH Berlin University 
,MBA General Management ,"7,200",750,"Apr, Oct",1.5 years,,,,,,,,,,,SRHB1001,,87,6.5,,,,,59,Master's Degree,Business,Management,per semester,Berlin,English,SRH Berlin University 
,MBA International Healthcare Management,"7,200",750,"Apr, Oct",1.5 years,,,,,,,,,,,SRHB1001,,87,6.5,,,,,59,Master's Degree,Business,Management,per semester,Berlin,English,SRH Berlin University 
,MBA Marketing Intelligence,"7,200",750,"Apr, Oct",1.5 years,,,,,,,,,,,SRHB1001,,87,6.5,,,,,59,Master's Degree,Business,Marketing,per semester,Berlin,English,SRH Berlin University 
,MBA International Human Resource Management,"7,200",750,"Apr, Oct",1.5 years,,,,,,,,,,,SRHB1001,,87,6.5,,,,,59,Master's Degree,Business,HR Management,per semester,Berlin,English,SRH Berlin University 
,MBA Sustainable Innovation and Entrepreneurship,"7,200",750,"Apr, Oct",1.5 years,,,,,,,,,,,SRHB1001,,87,6.5,,,,,59,Master's Degree,Business,Entrepreneurship,per semester,Berlin,English,SRH Berlin University 
,Bachelor in Illustration,865,50,"Sept, Mar",3.5 years,,,,,,,,,,,UOAS1001,,,5.5,,,,,,Bachelor's Degree,Art & Design,Design,per month,"Berlin, Hamburg",German,University of Applied Sciences Europe 
,Bachelor in Game Design,865,50,"Sept, Mar",3.5 years,,,,,,,,,,,UOAS1001,,,,,,,,,Bachelor's Degree,Art & Design,Design,per month,"Berlin, Hamburg","English, German",University of Applied Sciences Europe 
,Bachelor in Photography,865,50,"Sept, Mar",3.5 years,,,,,,,,,,,UOAS1001,,,,,,,,,Bachelor's Degree,Art & Design,Arts,per month,"Berlin, Hamburg","English, German",University of Applied Sciences Europe 
,Bachelor in Film + Motion Design,865,50,"Sept, Mar",3.5 years,,,,,,,,,,,UOAS1001,,,,,,,,,Bachelor's Degree,Art & Design,Design,per month,"Berlin, Hamburg","English, German",University of Applied Sciences Europe 
,Bachelor in Digital & Interaction Design,865,50,"Sept, Mar",3.5 years,,,,,,,,,,,UOAS1001,,,,,,,,,Bachelor's Degree,Art & Design,Design,per month,"Berlin, Hamburg",English,University of Applied Sciences Europe 
,Bachelor in Communication Design,865,50,"Sept, Mar",3.5 years,,,,,,,,,,,UOAS1001,,,,,,,,,Bachelor's Degree,Art & Design,Design,per month,"Berlin, Hamburg","English, German",University of Applied Sciences Europe 
,Master in Visual & Experience Design,"1,191",50,"Sept, Mar",1 year,,,,,,,,,,,UOAS1001,,,,,,,,,Master's Degree,Art & Design,Design,per month,Berlin,English,University of Applied Sciences Europe 
,Master in Photography,"1,050",50,"Sept, Mar",1.5 years,,,,,,,,,,,UOAS1001,,,,,,,,,Master's Degree,Art & Design,Arts,per month,"Berlin, Hamburg",English,University of Applied Sciences Europe 
,Master in Media Spaces,"1,050",50,"Sept, Mar",1.5 years,,,,,,,,,,,UOAS1001,,,,,,,,,Master's Degree,Art & Design,Arts,per month,"Berlin, Hamburg",English,University of Applied Sciences Europe 
,Master in Innovation Design Management,"1,191",50,"Sept, Mar",1 year,,,,,,,,,,,UOAS1001,,,,,,,,,Master's Degree,Art & Design,Design,per month,Berlin,English,University of Applied Sciences Europe 
,Bachelor in Business and Management Studies,945,50,"Sept, Mar",3 years,,,,,,,,,,,UOAS1001,,,,,,,,,Bachelor's Degree,Business,Management,per month,"Berlin, Hamburg, Iserlohn","English, German",University of Applied Sciences Europe 
,Bachelor in Business Law,945,50,"Sept, Mar",3 years,,,,,,,,,,,UOAS1001,,,,,,,,,Bachelor's Degree,Business,Law,per month,Hamburg,German,University of Applied Sciences Europe 
,Bachelor in Business Psychology,"1,025",50,"Sept, Mar",3 years,,,,,,,,,,,UOAS1001,,,,,,,,,Bachelor's Degree,Business,Psychology,per month,"Hamburg, Iserlohn",German,University of Applied Sciences Europe 
,Bachelor in Psychology,945,50,"Sept, Mar",3 years,,,,,,,,,,,UOAS1001,,,,,,,,,Bachelor's Degree,Business,Psychology,per month,"Berlin, Hamburg, Iserlohn",German,University of Applied Sciences Europe 
,Bachelor Dual in Business & Taxes,395,50,"Sept, Mar",3.5 years,,,,,,,,,,,UOAS1001,,,,,,,,,Bachelor's Degree,Business,Business,per month,"Hamburg, Iserlohn",German,University of Applied Sciences Europe 
,Master in Business Psychology,"1,099",50,"Sept, Mar",2 years,,,,,,,,,,,UOAS1001,,,,,,,,,Master's Degree,Business,Psychology,per month,Iserlohn,German,University of Applied Sciences Europe 
,Master in Smart City Management,"1,099",50,"Sept, Mar",2 years,,,,,,,,,,,UOAS1001,,,,,,,,,Master's Degree,Business,Management,per month,"Berlin, Hamburg, Iserlohn","English, German",University of Applied Sciences Europe 
,Master in Master of Business Administration,"10,670",50,"Sept, Mar",1.5 years,,,,,,,,,,,UOAS1001,,,,,,,,,Master's Degree,Business,Business,per month,"Berlin, Hamburg, Iserlohn",German,University of Applied Sciences Europe 
,Master in Marketing Management & PR,"1,099",50,"Sept, Mar",2 years,,,,,,,,,,,UOAS1001,,,,,,,,,Master's Degree,Business,Marketing,per month,Iserlohn,German,University of Applied Sciences Europe 
,Master in Finance & Management,"1,099",50,"Sept, Mar",2 years,,,,,,,,,,,UOAS1001,,,,,,,,,Master's Degree,Business,Finace,per month,"Berlin, Iserlohn","English, German",University of Applied Sciences Europe 
,Master in Corporate Management,"1,099",50,"Sept, Mar",2 years,,,,,,,,,,,UOAS1001,,,,,,,,,Master's Degree,Business,Management,per month,"Berlin, Hamburg, Iserlohn","English, German",University of Applied Sciences Europe 
,Bachelor in Sports Science: Training and Performance,945,50,"Sept, Mar",3 years,,,,,,,,,,,UOAS1001,,,,,,,,,Bachelor's Degree,Science,Sports,per month,Iserlohn,German,University of Applied Sciences Europe 
,Bachelor in Sports Science: Fitness and Health,945,50,"Sept, Mar",3 years,,,,,,,,,,,UOAS1001,,,,,,,,,Bachelor's Degree,Science,Fitness and Health,per month,Iserlohn,German,University of Applied Sciences Europe 
,Bachelor in Sport & Event Management,945,50,"Sept, Mar",3 years,,,,,,,,,,,UOAS1001,,,,,,,,,Bachelor's Degree,Business,Management,per month,"Berlin, Hamburg, Iserlohn","English, German",University of Applied Sciences Europe 
,Bachelor in Communication & Media Management,945,50,"Sept, Mar",3 years,,,,,,,,,,,UOAS1001,,,,,,,,,Bachelor's Degree,Media,Media Management,per month,"Hamburg, Iserlohn",German,University of Applied Sciences Europe 
,Bachelor in Digital Business & Data Science,945,50,"Sept, Mar",3 years,,,,,,,,,,,UOAS1001,,,,,,,,,Bachelor's Degree,Media,Data Science,per month,"Berlin, Hamburg","English, German",University of Applied Sciences Europe 
,Bachelor Dual in Sport & Event Management,785,50,"Sept, Mar",4 years,,,,,,,,,,,UOAS1001,,,,,,,,,Bachelor's Degree,Business,Management,per month,Berlin,English,University of Applied Sciences Europe 
,Bachelor Dual in Digital Business & Data Science,395,50,"Sept, Mar",3 years,,,,,,,,,,,UOAS1001,,,,,,,,,Bachelor's Degree,Media,Data Science,per month,Hamburg,German,University of Applied Sciences Europe 
,Master in International Sport & Event Management,"1,099",50,"Sept, Mar",2 years,,,,,,,,,,,UOAS1001,,,,,,,,,Master's Degree,Business,Management,per month,"Berlin, Hamburg, Iserlohn","English, German",University of Applied Sciences Europe 
,Bachelor in Hotel Management,,,,4 years,,,,,,,,,,,VHTBS1001,,80,5.5,,,,,,Bachelor's Degree,Business,Hotel Management,,France,English,Vatel Hotel and Tourism Business School
,MBA in International Hospitality Management,,,,2 years,,,,,,,,,,,VHTBS1001,,,,,,,,,Master's Degree,Business,Hospitality Management,,France,English,Vatel Hotel and Tourism Business School
