Course Code,Course Name,Tuition Fee,Application Fee,Intake,Degree,Minimum Level of Education Required,Min GPA,Min TOEFL (Reading),Min TOEFL (Writing),Min TOEFL (Listening),Min TOEFL (Speaking),Min IELTS (Reading),Min IELTS (Writing),Min IELTS (Listening),Min IELTS (Speaking),School ID,DLI#,Min TOEFL iBT,Min IELTS Overall,Min PTE (Reading),Min PTE (Writing),Min PTE (Listening),Min PTE (Speaking),Min PTE Overall,Level,Stream,Sub Stream,Duration,City,Language
,Master of Professional Engineering (Electrical),38000,100,"Feb, Jul",2 years,,,16,16,16,16,6,6,6,6,QUOT1001,,90,6.5,58,58,58,58,64,Master's Science,Engineering,Electrical Engineering,per year,Brisbane,English
,Master of Professional Engineering (Electrical and Management),38000,100,"Feb, Jul",2 years,,,16,16,16,16,6,6,6,6,QUOT1001,,90,6.5,58,58,58,58,64,Master's Science,Engineering,Electrical Engineering,per year,Brisbane,English
,Master of Professional Engineering (Mechanical),38000,100,"Feb, Jul",2 years,,,16,16,16,16,6,6,6,6,QUOT1001,,90,6.5,58,58,58,58,64,Master's Science,Engineering,Mechanical Engineering,per year,Brisbane,English
,Master of Professional Engineering (Mechanical and Management),38000,100,"Feb, Jul",2 years,,,16,16,16,16,6,6,6,6,QUOT1001,,90,6.5,58,58,58,58,64,Master's Science,Engineering,Mechanical Engineering,per year,Brisbane,English
,Bachelor of Design (Honours) (Architectural Studies),36100,100,Feb,4 years,,,16,16,16,16,6,6,6,6,QUOT1001,,79,6.5,50,50,50,50,58,Bachelor's Degree,Architecture ,Design,per year,Gardens Point,English
,Bachelor of Property Economics,31800,100,"Feb, Jul",3 years,,,16,16,16,16,6,6,6,6,QUOT1001,,79,6.5,50,50,50,50,58,Bachelor's Degree,Social Science,Economics,per year,Brisbane,English
,Bachelor of Engineering (Honours) (Civil),41500,100,"Feb, Jul",4 years,,,16,16,16,16,6,6,6,6,QUOT1001,,79,6.5,50,50,50,50,58,Bachelor's Degree,Engineering,Civil Enginering,per year,Brisbane,English
,Bachelor of Urban Development (Honours) (Construction Management),32300,100,"Feb, Jul",4 years,,,16,16,16,16,6,6,6,6,QUOT1001,,79,6.5,50,50,50,50,58,Bachelor's Degree,Social Science,Urban Development,per year,Brisbane,English
,Bachelor of Engineering (Honours) (Computer and Software Systems),41500,100,"Feb, Jul",4 years,,,16,16,16,16,6,6,6,6,QUOT1001,,79,6.5,50,50,50,50,58,Bachelor's Degree,Engineering,Computer Engineering,per year,Brisbane,English
,Bachelor of Engineering (Honours) (Electrical and Aerospace),41500,100,"Feb, Jul",4 years,,,16,16,16,16,6,6,6,6,QUOT1001,,79,6.5,50,50,50,50,58,Bachelor's Degree,Engineering,Electrical & Aerospace,per year,Brisbane,English
,Bachelor of Engineering (Honours) (Electrical),41500,100,"Feb, Jul",4 years,,,16,16,16,16,6,6,6,6,QUOT1001,,79,6.5,50,50,50,50,58,Bachelor's Degree,Engineering,Electrical Engineering,per year,Brisbane,English
,Bachelor of Engineering (Honours) (Mechanical),41500,100,"Feb, Jul",4 years,,,16,16,16,16,6,6,6,6,QUOT1001,,79,6.5,50,50,50,50,58,Bachelor's Degree,Engineering,Mechanical Engineering,per year,Brisbane,English
,Bachelor of Engineering (Honours) (Mechatronics),41500,100,"Feb, Jul",4 years,,,16,16,16,16,6,6,6,6,QUOT1001,,79,6.5,50,50,50,50,58,Bachelor's Degree,Engineering,Mechatronics Engineering,per year,Brisbane,English
,Bachelor of Engineering (Honours) (Medical),41500,100,"Feb, Jul",4 years,,,16,16,16,16,6,6,6,6,QUOT1001,,79,6.5,50,50,50,50,58,Bachelor's Degree,Engineering,Medical Enginnering,per year,Brisbane,English
,Bachelor of Business (Accountancy),31100,100,"Feb, Jul, Nov",3 years,,,16,16,16,16,6,6,6,6,QUOT1001,,79,6.5,50,50,50,50,58,Bachelor's Degree,Business,Accounts,per year,Brisbane,English
,Bachelor of Business (Public Relations),31100,100,"Feb, Jul, Nov",3 years,,,16,16,16,16,6,6,6,6,QUOT1001,,79,6.5,50,50,50,50,58,Bachelor's Degree,Business,Public Relations,per year,Brisbane,English
,Bachelor of Business (Advertising),31100,100,"Feb, Jul, Nov",3 years,,,16,16,16,16,6,6,6,6,QUOT1001,,79,6.5,50,50,50,50,58,Bachelor's Degree,Business,Advertising,per year,Brisbane,English
,Bachelor of Business (Economics),31100,100,"Feb, Jul, Nov",3 years,,,16,16,16,16,6,6,6,6,QUOT1001,,79,6.5,50,50,50,50,58,Bachelor's Degree,Business,Economics,per year,Brisbane,English
,Bachelor of Business (Finance),31100,100,"Feb, Jul, Nov",3 years,,,16,16,16,16,6,6,6,6,QUOT1001,,79,6.5,50,50,50,50,58,Bachelor's Degree,Business,Finance,per year,Brisbane,English
,Bachelor of Business (Human Resource Management),31100,100,"Feb, Jul, Nov",3 years,,,16,16,16,16,6,6,6,6,QUOT1001,,79,6.5,50,50,50,50,58,Bachelor's Degree,Business,HR,per year,Brisbane,English
,Bachelor of Business (International Business),31100,100,"Feb, Jul, Nov",3 years,,,16,16,16,16,6,6,6,6,QUOT1001,,79,6.5,50,50,50,50,58,Bachelor's Degree,Business,International Business,per year,Brisbane,English
,Bachelor of Business (Management),31100,100,"Feb, Jul, Nov",3 years,,,16,16,16,16,6,6,6,6,QUOT1001,,79,6.5,50,50,50,50,58,Bachelor's Degree,Business,Management,per year,Brisbane,English
,Bachelor of Business (Marketing),31100,100,"Feb, Jul, Nov",3 years,,,16,16,16,16,6,6,6,6,QUOT1001,,79,6.5,50,50,50,50,58,Bachelor's Degree,Business,Marketing,per year,Brisbane,English
,Master of Business (Professional Accounting),33100,100,"Feb, Jul, Nov",2 years,,,16,16,16,16,6,6,6,6,QUOT1001,,79,6.5,50,50,50,50,58,Master's Science,Business,Professional Accounting,per year,Brisbane,English
,Master of Business (Integrated Marketing Communication),33100,100,"Feb, Jul, Nov",2 years,,,16,16,16,16,6,6,6,6,QUOT1001,,79,6.5,50,50,50,50,58,Master's Science,Business,Marketing,per year,Brisbane,English
,Master of Business (Marketing),33100,100,"Feb, Jul, Nov",2 years,,,16,16,16,16,6,6,6,6,QUOT1001,,79,6.5,50,50,50,50,58,Master's Science,Business,Marketing,per year,Brisbane,English
,Master of Business (Public Relations),33100,100,"Feb, Jul, Nov",2 years,,,16,16,16,16,6,6,6,6,QUOT1001,,79,6.5,50,50,50,50,58,Master's Science,Business,Public Relations,per year,Brisbane,English
,Master of Business (Strategic Advertising),33100,100,"Feb, Jul, Nov",2 years,,,16,16,16,16,6,6,6,6,QUOT1001,,79,6.5,50,50,50,50,58,Master's Science,Business,Strategic Advertising,per year,Brisbane,English
,Bachelor of Health Information Management,32600,100,Feb,3 years,,,16,16,16,16,6,6,6,6,QUOT1001,,79,6.5,50,50,50,50,58,Bachelor's Degree,Health,Health Information Management,per year,Brisbane,English
,Master of Business (Accounting),33100,100,"Feb, Jul, Nov",2 years,,,16,16,16,16,6,6,6,6,QUOT1001,,79,6.5,50,50,50,50,58,Master's Science,Business,Accounts,per year,Brisbane,English
,Master of Business (Applied Finance),33100,100,"Feb, Jul, Nov",2 years,,,16,16,16,16,6,6,6,6,QUOT1001,,79,6.5,50,50,50,50,58,Master's Science,Business,Finance,per year,Brisbane,English
,Master of Business (Human Resource Management),33100,100,"Feb, Jul, Nov",2 years,,,16,16,16,16,6,6,6,6,QUOT1001,,79,6.5,50,50,50,50,58,Master's Science,Business,HR,per year,Brisbane,English
,Master of Business (International Business),33100,100,"Feb, Jul, Nov",2 years,,,16,16,16,16,6,6,6,6,QUOT1001,,79,6.5,50,50,50,50,58,Master's Science,Business,International Business,per year,Brisbane,English
,Bachelor of Fine Arts (Acting),31200,100,Feb,3 years,,,16,16,16,16,6,6,6,6,QUOT1001,,79,6.5,50,50,50,50,58,Bachelor's Degree,Fine Arts,Acting,per year,Brisbane,English
,Bachelor of Fine Arts (Animation),31200,100,Feb,3 years,,,16,16,16,16,6,6,6,6,QUOT1001,,79,6.5,50,50,50,50,58,Bachelor's Degree,Fine Arts,Animation,per year,Brisbane,English
,Bachelor of Fine Arts (Creative Writing),31200,100,"Feb, Jul",3 years,,,16,16,16,16,6,6,6,6,QUOT1001,,79,6.5,50,50,50,50,58,Bachelor's Degree,Fine Arts,Writing,per year,Brisbane,English
,Bachelor of Fine Arts (Dance),31200,100,Feb,3 years,,,16,16,16,16,6,6,6,6,QUOT1001,,79,6.5,50,50,50,50,58,Bachelor's Degree,Fine Arts,Dance,per year,Brisbane,English
,Bachelor of Fine Arts (Dance Performance),31200,100,Feb,3 years,,,16,16,16,16,6,6,6,6,QUOT1001,,79,6.5,50,50,50,50,58,Bachelor's Degree,Fine Arts,Dance,per year,Brisbane,English
,Bachelor of Fine Arts (Drama),31200,100,"Feb, Jul",3 years,,,16,16,16,16,6,6,6,6,QUOT1001,,79,6.5,50,50,50,50,58,Bachelor's Degree,Fine Arts,Drama,per year,Brisbane,English
,"Bachelor of Fine Arts (Film, Screen and New Media)",31200,100,"Feb, Jul",3 years,,,16,16,16,16,6,6,6,6,QUOT1001,,79,6.5,50,50,50,50,58,Bachelor's Degree,Fine Arts,Film,per year,Brisbane,English
,Bachelor of Fine Arts (Music),31200,100,Feb,3 years,,,16,16,16,16,6,6,6,6,QUOT1001,,79,6.5,50,50,50,50,58,Bachelor's Degree,Fine Arts,Music,per year,Brisbane,English
,Bachelor of Fine Arts (Technical Production),31200,100,Feb,3 years,,,16,16,16,16,6,6,6,6,QUOT1001,,79,6.5,50,50,50,50,58,Bachelor's Degree,Fine Arts,Production,per year,Brisbane,English
,Bachelor of Fine Arts (Visual Arts),31200,100,Feb,3 years,,,16,16,16,16,6,6,6,6,QUOT1001,,79,6.5,50,50,50,50,58,Bachelor's Degree,Fine Arts,Visual Arts,per year,Brisbane,English
,Bachelor of Games and Interactive Environments (Animation),35400,100,Feb,3 years,,,16,16,16,16,6,6,6,6,QUOT1001,,79,6.5,50,50,50,50,58,Bachelor's Degree,Games & Interactive Environments,Animation,per year,Brisbane,English
,Bachelor of Games and Interactive Environments (Game Design),35400,100,Feb,3 years,,,16,16,16,16,6,6,6,6,QUOT1001,,79,6.5,50,50,50,50,58,Bachelor's Degree,Games & Interactive Environments,Game Design,per year,Brisbane,English
,Bachelor of Games and Interactive Environments (Software Technologies),35400,100,Feb,3 years,,,16,16,16,16,6,6,6,6,QUOT1001,,79,6.5,50,50,50,50,58,Bachelor's Degree,Games & Interactive Environments,Software Technologies,per year,Brisbane,English
,Bachelor of Education (Early Childhood),31600,100,Feb,4 years,,,16,16,16,16,6,6,6,6,QUOT1001,,79,6.5,50,50,50,50,58,Bachelor's Degree,Education,Education,per year,Brisbane,English
,Bachelor of Education (Primary),31600,100,"Feb, Jul",4 years,,,16,16,16,16,6,6,6,6,QUOT1001,,79,6.5,50,50,50,50,58,Bachelor's Degree,Education,Education,per year,Brisbane,English
,Master of Teaching (Early Childhood),29900,100,Feb,2 years,,,24,24,24,24,7,7,7,7,QUOT1001,,105,7.5,65,65,65,65,73,Master's Science,Education,Teaching,per year,Brisbane,English
,Master of Teaching (Primary),29900,100,Feb,2 years,,,24,24,24,24,7,7,7,7,QUOT1001,,105,7.5,65,65,65,65,73,Master's Science,Education,Teaching,per year,Brisbane,English
,Bachelor of Biomedical Science,44400,100,Feb,3 years,,,16,16,16,16,6,6,6,6,QUOT1001,,79,6.5,50,50,50,50,58,Bachelor's Degree,Science,Biomedical Science,per year,Gardens Point (Brisbane),English
,Bachelor of Clinical Exercise Physiology,35000,100,Feb,4 years,,,20,20,20,20,6.5,6.5,6.5,6.5,QUOT1001,,98,7,58,58,58,58,65,Bachelor's Degree,Medical,Clinical Excerise Physiology,per year,Brisbane,English
,Bachelor of Human Services,31600,100,"Feb, Jul",3 years,,,16,16,16,16,6,6,6,6,QUOT1001,,79,6.5,50,50,50,50,58,Bachelor's Degree,Social Science,Human Services,per year,Brisbane,English
,Bachelor of Medical Laboratory Science,42400,100,Feb,4 years,,,16,16,16,16,6,6,6,6,QUOT1001,,79,6.5,50,50,50,50,58,Bachelor's Degree,Medical,Medical Laboratory Science,per year,Gardens Point (Brisbane),English
,Bachelor of Nursing,36300,100,"Feb, Jul",3 years,,,20,20,20,20,6.5,6.5,6.5,6.5,QUOT1001,,98,7,58,58,58,58,65,Bachelor's Degree,Medical,Nursing,per year,Brisbane,English
,Bachelor of Nursing - Graduate Entry,36300,100,"Feb, Jul",2 years,,,20,20,20,20,6.5,6.5,6.5,6.5,QUOT1001,,98,7,58,58,58,58,65,Bachelor's Degree,Medical,Nursing,per year,Brisbane,English
,Bachelor of Nutrition Science,37100,100,Feb,3 years,,,16,16,16,16,6,6,6,6,QUOT1001,,79,6.5,50,50,50,50,58,Bachelor's Degree,Science,Nutrition Science,per year,Brisbane,English
,Bachelor of Behavioural Science (Psychology),31700,100,"Feb, Jul",3 years,,,16,16,16,16,6,6,6,6,QUOT1001,,79,6.5,50,50,50,50,58,Bachelor's Degree,Science,Behavioural Science,per year,Brisbane,English
,Bachelor of Public Health,33900,100,Feb,3 years,,,16,16,16,16,6,6,6,6,QUOT1001,,79,6.5,50,50,50,50,58,Bachelor's Degree,Health,Public Health,per year,Brisbane,English
,Bachelor of Social Work,31600,100,"Feb, Jul",4 years,,,16,16,16,16,6,6,6,6,QUOT1001,,79,6.5,50,50,50,50,58,Bachelor's Degree,Social Science,Social Work,per year,Brisbane,English
,Bachelor of Sport and Exercise Science,34900,100,Feb,3 years,,,16,16,16,16,6,6,6,6,QUOT1001,,79,6.5,50,50,50,50,58,Bachelor's Degree,Science,Sport & Exercise Science,per year,Brisbane,English
,Master of Clinical Psychology,30400,100,Feb,2 years,,,23,23,23,23,7,7,7,7,QUOT1001,,98,7,65,65,65,65,65,Master's Science,Medical,Clinical Psychology,per year,Brisbane,English
,Master of Health Management,33300,100,"Feb, Jul",2 years,,,16,16,16,16,6,6,6,6,QUOT1001,,79,6.5,50,50,50,50,58,Master's Science,Health,Health Management,per year,Brisbane,English
,"Master of Health, Safety and Environment",31100,100,Feb,2 years,,,16,16,16,16,6,6,6,6,QUOT1001,,79,6.5,50,50,50,50,58,Master's Science,Social Science,"Health, Safety & Environment",per year,Brisbane,English
,Master of Public Health,31800,100,"Feb, Jul",2 years,,,16,16,16,16,6,6,6,6,QUOT1001,,79,6.5,50,50,50,50,58,Master's Science,Health,Public Health,per year,Brisbane,English
,Master of Social Work - Qualifying,31100,100,Feb,2 years,,,20,20,20,20,6.5,6.5,6.5,6.5,QUOT1001,,98,7,58,58,58,58,65,Master's Science,Social Science,Social Work,per year,Brisbane,English
,Bachelor of Information Technology (Information Systems),36300,100,"Feb, Jul",3 years,,,16,16,16,16,6,6,6,6,QUOT1001,,79,6.5,50,50,50,50,58,Bachelor's Degree,IT,IT,per year,Brisbane,English
,Master of Information Technology,34700,100,"Feb, Jul",2 years,,,16,16,16,16,6,6,6,6,QUOT1001,,79,6.5,50,50,50,50,58,Master's Science,IT,IT,per year,Brisbane,English
,Bachelor of Information Technology (Computer Science),36300,100,"Feb, Jul",3 years,,,16,16,16,16,6,6,6,6,QUOT1001,,79,6.5,50,50,50,50,58,Bachelor's Degree,IT,IT,per year,Brisbane,English
,Bachelor of Justice,31400,100,"Feb, Jul",3 years,,,16,16,16,16,6,6,6,6,QUOT1001,,79,6.5,50,50,50,50,58,Bachelor's Degree,Law,Justice,per year,Brisbane,English
,Bachelor of Science (Biological Sciences),38500,100,"Feb, Jul",3 years,,,16,16,16,16,6,6,6,6,QUOT1001,,79,6.5,50,50,50,50,58,Bachelor's Degree,Science,Biological Science,per year,Brisbane,English
,Bachelor of Science (Chemistry),38500,100,"Feb, Jul",3 years,,,16,16,16,16,6,6,6,6,QUOT1001,,79,6.5,50,50,50,50,58,Bachelor's Degree,Science,Chemistry,per year,Brisbane,English
,Bachelor of Science (Earth Science),38500,100,"Feb, Jul",3 years,,,16,16,16,16,6,6,6,6,QUOT1001,,79,6.5,50,50,50,50,58,Bachelor's Degree,Science,Earth Science,per year,Brisbane,English
,Bachelor of Science (Environmental Science),38500,100,"Feb, Jul",3 years,,,16,16,16,16,6,6,6,6,QUOT1001,,79,6.5,50,50,50,50,58,Bachelor's Degree,Science,Environmental Science,per year,Brisbane,English
,Bachelor of Science (Physics),38500,100,"Feb, Jul",3 years,,,16,16,16,16,6,6,6,6,QUOT1001,,79,6.5,50,50,50,50,58,Bachelor's Degree,Science,Physics,per year,Brisbane,English
,Bachelor of Mathematics (Statistical Science),32400,100,Feb,3 years,,,16,16,16,16,6,6,6,6,QUOT1001,,79,6.5,50,50,50,50,58,Bachelor's Degree,Science,Mathematics,per year,Brisbane,English
,Bachelor of Mathematics (Applied and Computational Mathematics),32400,100,Feb,3 years,,,16,16,16,16,6,6,6,6,QUOT1001,,79,6.5,50,50,50,50,58,Bachelor's Degree,Science,Mathematics,per year,Brisbane,English
,Bachelor of Communication (Entertainment Industries),31400,100,"Feb, Jul",3 years,,,16,16,16,16,6,6,6,6,QUOT1001,,79,6.5,50,50,50,50,58,Bachelor's Degree,Mass & Media,Communication,per year,Brisbane,English
,Bachelor of Education (Secondary),32600,100,"Feb, Jul",4 years,,,16,16,16,16,6,6,6,6,QUOT1001,,79,6.5,50,50,50,50,58,Bachelor's Degree,Education,Education,per year,Brisbane,English
,Master of Business (Philanthrophy and Non Profit Studies),33100,100,"Feb, Nov, Jul",2 years,,,16,16,16,16,6,6,6,6,QUOT1001,,79,6.5,50,50,50,50,58,Master's Science,Business,Studies,per year,Brisbane,English
,Master of Teaching (Secondary),29900,100,Feb,2 years,,,24,24,24,24,7,7,7,7,QUOT1001,,105,7.5,65,65,65,65,73,Master's Science,Education,Teaching,per year,Brisbane,English
,Master of Counselling,31100,100,Feb,2 years,,,23,23,23,23,7,7,7,7,QUOT1001,,98,7,65,65,65,65,65,Master's Science,Education,Counselling,per year,Brisbane,English
,Master of Psychology(Educational and Developmental),30500,100,Feb,2 years,,,23,23,23,23,7,7,7,7,QUOT1001,,105,7,65,65,65,65,73,Master's Science,Science,Psychology,per year,Brisbane,English
,Diploma in Business,21570,100,"Feb, Jul, Nov",8 Month,,,10,10,10,10,5,5,5,5,QUOT1001,,56,5.5,38,38,38,38,46,Diploma,Business,Business,per year,Brisbane,English
,Bachelor of Communication (Professional Communication),31400,100,"Feb, Jul",3 years,,,16,16,16,16,6,6,6,6,QUOT1001,,79,6.5,50,50,50,50,58,Bachelor's Degree,Mass & Media,Communication,per year,Brisbane,English
,Bachelor of Communication (Digital Media),31400,100,"Feb, Jul",3 years,,,16,16,16,16,6,6,6,6,QUOT1001,,79,6.5,50,50,50,50,58,Bachelor's Degree,Mass & Media,Communication,per year,Brisbane,English
,Diploma in Information Technology,21570,100,"Feb, Jul, Nov",8 Month,,,10,10,10,10,5,5,5,5,QUOT1001,,56,5.5,38,38,38,38,46,Diploma,IT,IT,per year,Brisbane,English
,Diploma in Health Science (Nursing),28122,100,"Feb, Jul, Nov",8 Month,,,12,12,12,12,5.5,5.5,5.5,5.5,QUOT1001,,71,6,46,46,46,46,50,Diploma,Science,Health Science,per year,Brisbane,English
,Bachelor of Communication,31400,100,"Feb, Jul",3 years,,,16,16,16,16,6,6,6,6,QUOT1001,,79,6.5,50,50,50,50,58,Bachelor's Degree,Mass & Media,Communication,per year,Brisbane,English
,Bachelor of Communication (Journalism),31400,100,"Feb, Jul",3 years,,,10,10,10,10,5,5,5,5,QUOT1001,,56,5.5,38,38,38,38,46,Bachelor's Degree,Mass & Media,Communication,per year,Brisbane,English
,Diploma in Health Science (Health Studies),28122,100,"Feb, Jul, Nov",8 Month,,,10,10,10,10,5,5,5,5,QUOT1001,,56,5.5,38,38,38,38,46,Diploma,Science,Health Science,per year,Brisbane,English
,Diploma in Creative Industries,21570,100,"Feb, Jul, Nov",8 Month,,,10,10,10,10,5,5,5,5,QUOT1001,,56,5.5,38,38,38,38,46,Diploma,Social Science,Creative Industries,per year,Brisbane,English
,Diploma in Engineering,29828,100,"Feb, Jul, Nov",8 Month,,,10,10,10,10,5,5,5,5,QUOT1001,,56,5.5,38,38,38,38,46,Diploma,Engineering,Engineering,per year,Brisbane,English
,Master of Engineering Management,35800,100,"Feb, Jul",1 year,,,16,16,16,16,6,6,6,6,QUOT1001,,79,6.5,50,50,50,50,58,Master's Science,Engineering,Engineering,per year,"Gardens Point, Brisbane",English
,Bachelor of Design (Architecture)/ Bachelor of Engineering (Honours),38700,100,"Feb, Jul",65 Month,,,16,16,16,16,6,6,6,6,QUOT1001,,79,6.5,50,50,50,50,58,Bachelor's Degree,Engineering,Engineering,per year,Brisbane,English
,Bachelor of Design (Architecture)/Bachelor of Urban Development (Honours) (Construction Management),34200,100,"Feb, Jul",5 years,,,16,16,16,16,6,6,6,6,QUOT1001,,79,6.5,50,50,50,50,58,Bachelor's Degree,Social Science,Urban Development,per year,Brisbane,English
,Bachelor of Design (Interior Architecture)/Bachelor of Urban Development (Honours) (Construction Management),34200,100,"Feb, Jul",5 years,,,16,16,16,16,6,6,6,6,QUOT1001,,79,6.5,50,50,50,50,58,Bachelor's Degree,Social Science,Urban Development,per year,Brisbane,English
,Bachelor of Design (Landscape Architecture)/Bachelor of Engineering (Honours),38800,100,"Feb, Jul",5 years,,,16,16,16,16,6,6,6,6,QUOT1001,,79,6.5,50,50,50,50,58,Bachelor's Degree,Engineering,Engineering,per year,Brisbane,English
,Bachelor of Design (Landscape Architecture)/Bachelor of Science,39100,100,"Feb, Jul",4 years,,,16,16,16,16,6,6,6,6,QUOT1001,,79,6.5,50,50,50,50,58,Bachelor's Degree,Science,Science,per year,Brisbane,English
,Bachelor of Design (Landscape Architecture)/Bachelor of Urban Development (Honours) (Urban and Regional Planning),34200,100,"Feb, Jul",5 years,,,16,16,16,16,6,6,6,6,QUOT1001,,79,6.5,50,50,50,50,58,Bachelor's Degree,Social Science,Urban Development,per year,Brisbane,English
,Bachelor of Property Economics/ Bachelor of Law (Honours),30800,100,"Feb, Jul",65 Month,,,16,16,16,16,6,6,6,6,QUOT1001,,79,6.5,50,50,50,50,58,Bachelor's Degree,Law,Law,per year,Brisbane,English
,Bachelor of Urban Development (Honours) (Quantity Surveying and Cost Engineering),32300,100,"Feb, Jul",4 years,,,16,16,16,16,6,6,6,6,QUOT1001,,79,6.5,50,50,50,50,58,Bachelor's Degree,Engineering,Quantity Surveying & Cost Engineering,per year,Brisbane,English
,Bachelor of Property Economics/Bachelor of Business,31100,100,"Feb, Jul",4 years,,,16,16,16,16,6,6,6,6,QUOT1001,,79,6.5,50,50,50,50,58,Bachelor's Degree,Business,Business,per year,Brisbane,English
,Master of Architecture,0,100,"Feb, Jul",2 years,,,16,16,16,16,6,6,6,6,QUOT1001,,79,6.5,50,50,50,50,58,Master's Science,Architecture ,Architecture ,per year,Brisbane,English
,Bachelor of Education (Secondary)/ Bachelor of Business,31400,100,"Feb, Jul",4.5 years,,,16,16,16,16,6,6,6,6,QUOT1001,,79,6.5,50,50,50,50,58,Bachelor's Degree,Business,Business,per year,"Brisbane, Kelvin Grove",English
,Bachelor of Education (Secondary)/Bachelor of Fine Arts (Creative Writing),32700,100,Feb,4.5 years,,,16,16,16,16,6,6,6,6,QUOT1001,,79,6.5,50,50,50,50,58,Bachelor's Degree,Fine Arts,Writing,per year,Kelvin Grove,English
,Bachelor of Education (Secondary)/Bachelor of Fine Arts (Dance),32700,100,Feb,4.5 years,,,16,16,16,16,6,6,6,6,QUOT1001,,79,6.5,50,50,50,50,58,Bachelor's Degree,Fine Arts,Dance,per year,Kelvin Grove,English
,Bachelor of Education (Secondary)/Bachelor of Fine Arts (Drama),32700,100,Feb,4.5 years,,,16,16,16,16,6,6,6,6,QUOT1001,,79,6.5,50,50,50,50,58,Bachelor's Degree,Fine Arts,Drama,per year,Kelvin Grove,English
,"Bachelor of Education (Secondary)/Bachelor of Fine Arts (Film, Screen and New Media)",32700,100,Feb,4.5 years,,,16,16,16,16,6,6,6,6,QUOT1001,,79,6.5,50,50,50,50,58,Bachelor's Degree,Fine Arts,Film,per year,Kelvin Grove,English
,Bachelor of Education (Secondary)/Bachelor of Fine Arts (Music),32700,100,Feb,4.5 years,,,16,16,16,16,6,6,6,6,QUOT1001,,79,6.5,50,50,50,50,58,Bachelor's Degree,Fine Arts,Music,per year,Kelvin Grove,English
,Bachelor of Education (Secondary)/Bachelor of Fine Arts (Visual Arts),32700,100,Feb,4.5 years,,,16,16,16,16,6,6,6,6,QUOT1001,,79,6.5,50,50,50,50,58,Bachelor's Degree,Fine Arts,Visual Arts,per year,Kelvin Grove,English
,Bachelor of Education (Secondary)/Bachelor of Information Technology,35400,100,Feb,4.5 years,,,16,16,16,16,6,6,6,6,QUOT1001,,79,6.5,50,50,50,50,58,Bachelor's Degree,IT,IT,per year,"Brisbane, Kelvin Grove",English
,Master of Education,29900,100,Jul,1.5 years,,,16,16,16,16,6,6,6,6,QUOT1001,,79,6.5,50,50,50,50,58,Master's Science,Education,Education,per year,Kelvin Grove,English
,Master of Education (General Studies),29900,100,Jul,1.5 years,,,16,16,16,16,6,6,6,6,QUOT1001,,79,6.5,50,50,50,50,58,Master's Science,Education,Studies,per year,Brisbane,English
,Master of Education (Inclusive Education),29900,100,Jul,1.5 years,,,16,16,16,16,6,6,6,6,QUOT1001,,79,6.5,50,50,50,50,58,Master's Science,Education,Inclusive Education,per year,Brisbane,English
,Master of Education (Leadership and Management),29900,100,Jul,1.5 years,,,16,16,16,16,6,6,6,6,QUOT1001,,79,6.5,50,50,50,50,58,Master's Science,Education,Leadership & Management,per year,Brisbane,English
,Master of Education (STEM in Education),31100,100,Jul,1.5 years,,,16,16,16,16,6,6,6,6,QUOT1001,,79,6.5,50,50,50,50,58,Master's Science,Education,Education,per year,Brisbane,English
,Master of Education (Teaching English to Speakers of Other Languages - TESOL),29900,100,Jul,1.5 years,,,16,16,16,16,6,6,6,6,QUOT1001,,79,6.5,50,50,50,50,58,Master's Science,Education,Teaching,per year,Brisbane,English
,Bachelor of Behavioural Science (Psychology)/Bachelor of Business,31100,100,"Feb, Jul",4 years,,,16,16,16,16,6,6,6,6,QUOT1001,,79,6.5,50,50,50,50,58,Bachelor's Degree,Science,Psychology,per year,"Brisbane, Kelvin Grove",English
,Bachelor of Biomedical Science,41700,100,Feb,4 years,,,16,16,16,16,6,6,6,6,QUOT1001,,79,6.5,50,50,50,50,58,Bachelor's Degree,Science,Biomedical Science,per year,Gardens Point (Brisbane),English
,Bachelor of Business / Bachelor of Communication (Digital Media),31300,100,"Feb, Jul",4 years,,,16,16,16,16,6,6,6,6,QUOT1001,,79,6.5,50,50,50,50,58,Bachelor's Degree,Mass & Media,Digital Media,per year,"Brisbane, Kelvin Grove",English
,Bachelor of Business/Bachelor of Communication (Entertainment Industries),31300,100,"Feb, Jul",4 years,,,16,16,16,16,6,6,6,6,QUOT1001,,79,6.5,50,50,50,50,58,Bachelor's Degree,Mass & Media,Entertainment Industries,per year,"Brisbane, Kelvin Grove",English
,Bachelor of Business/Bachelor of Communication (Journalism),31300,100,"Feb, Jul",4 years,,,16,16,16,16,6,6,6,6,QUOT1001,,79,6.5,50,50,50,50,58,Bachelor's Degree,Mass & Media,Journalism,per year,"Brisbane, Kelvin Grove",English
,Bachelor of Business/Bachelor of Communication (Professional Communication),31300,100,"Feb, Jul",4 years,,,16,16,16,16,6,6,6,6,QUOT1001,,79,6.5,50,50,50,50,58,Bachelor's Degree,Mass & Media,Professional Accounting,per year,"Brisbane, Kelvin Grove",English
,Bachelor of Business/Bachelor of Design (Fashion),32400,100,Feb,4 years,,,16,16,16,16,6,6,6,6,QUOT1001,,79,6.5,50,50,50,50,58,Bachelor's Degree,Design,Fashion,per year,"Brisbane, Kelvin Grove",English
,Bachelor of Business/Bachelor of Design (Industrial Design),33700,100,"Feb, Jul",4 years,,,16,16,16,16,6,6,6,6,QUOT1001,,79,6.5,50,50,50,50,58,Bachelor's Degree,Design,Industrial Design,per year,"Brisbane, Kelvin Grove",English
,Bachelor of Business/Bachelor of Design (Interaction Design),33700,100,"Feb, Jul",4 years,,,16,16,16,16,6,6,6,6,QUOT1001,,79,6.5,50,50,50,50,58,Bachelor's Degree,Design,Interaction Design,per year,"Brisbane, Kelvin Grove",English
,Bachelor of Business/Bachelor of Design (Visual Communication),33700,100,"Feb, Jul",4 years,,,16,16,16,16,6,6,6,6,QUOT1001,,79,6.5,50,50,50,50,58,Bachelor's Degree,Design,Visual Communication,per year,"Brisbane, Kelvin Grove",English
,Bachelor of Business/ Bachelor of Engineering (Honours),36600,100,"Feb, Jul",5 years,,,16,16,16,16,6,6,6,6,QUOT1001,,79,6.5,50,50,50,50,58,Bachelor's Degree,Engineering,Engineering,per year,Garden Point,English
,Bachelor of Business/ Bachelor of Fine Arts (Animations),32300,100,Feb,4 years,,,16,16,16,16,6,6,6,6,QUOT1001,,79,6.5,50,50,50,50,58,Bachelor's Degree,Fine Arts,Animation,per year,Garden Point,English
,Bachelor of Business/Bachelor of Fine Arts (Creative Writing),31000,100,"Feb, Jul",4 years,,,16,16,16,16,6,6,6,6,QUOT1001,,79,6.5,50,50,50,50,58,Bachelor's Degree,Fine Arts,Writing,per year,"Garden Point, Kelvin grove",English
,Bachelor of Business/Bachelor of Fine Arts (Drama),31000,100,"Feb, Jul",4 years,,,16,16,16,16,6,6,6,6,QUOT1001,,79,6.5,50,50,50,50,58,Bachelor's Degree,Fine Arts,Drama,per year,"Garden Point, Kelvin grove",English
,"Bachelor of Business/Bachelor of Fine Arts (Film, Screen and New Media)",31000,100,"Feb, Jul",4 years,,,16,16,16,16,6,6,6,6,QUOT1001,,79,6.5,50,50,50,50,58,Bachelor's Degree,Fine Arts,Film,per year,"Garden Point, Kelvin grove",English
,Bachelor of Business/Bachelor of Fine Arts (Visual Arts),32300,100,Feb,4 years,,,16,16,16,16,6,6,6,6,QUOT1001,,79,6.5,50,50,50,50,58,Bachelor's Degree,Fine Arts,Viual Arts,per year,"Garden Point, Kelvin grove",English
,Bachelor of Business/Bachelor of Games And Interactive Environments,33500,100,"Feb, Jul",4 years,,,16,16,16,16,6,6,6,6,QUOT1001,,79,6.5,50,50,50,50,58,Bachelor's Degree,Games & Interactive Environments,Games & Interactive Environments,per year,Garden Point,English
,Bachelor of Business/Bachelor of Information Technology,33400,100,"Feb, Jul",4 years,,,16,16,16,16,6,6,6,6,QUOT1001,,79,6.5,50,50,50,50,58,Bachelor's Degree,IT,IT,per year,Garden Point,English
,Bachelor of Business/Bachelor of Justice,31300,100,"Feb, Jul",4 years,,,16,16,16,16,6,6,6,6,QUOT1001,,79,6.5,50,50,50,50,58,Bachelor's Degree,Law,Justice,per year,Garden Point,English
,Bachelor of Business/Bachelor of Laws (Honours),30800,100,"Feb, Jul",65 Month,,,16,16,16,16,6,6,6,6,QUOT1001,,79,6.5,50,50,50,50,58,Bachelor's Degree,Law,Law,per year,Garden Point,English
,Bachelor of Business/Bachelor of Mathematics,33000,100,Feb,4 years,,,16,16,16,16,6,6,6,6,QUOT1001,,79,6.5,50,50,50,50,58,Bachelor's Degree,Science,Mathematics,per year,Garden Point,English
,Bachelor of Human Services/Bachelor of Business,31400,100,"Feb, Jul",4 years,,,16,16,16,16,6,6,6,6,QUOT1001,,79,6.5,50,50,50,50,58,Bachelor's Degree,Social Science,Human Services,per year,"Garden Point, Kelvin grove",English
,Bachelor of Science/Bachelor of Business,39300,100,"Feb, Jul",4 years,,,16,16,16,16,6,6,6,6,QUOT1001,,79,6.5,50,50,50,50,58,Bachelor's Degree,Science,Science,per year,Garden Point,English
,Bachelor of Business (Accountancy) Honours,31100,100,"Feb, Jul",1 year,,,16,16,16,16,6,6,6,6,QUOT1001,,79,6.5,50,50,50,50,58,Bachelor's Degree,Business,Accounts,per year,Garden Point,English
,Bachelor of Business (Economics) Honours,34300,100,Feb,1 year,,,16,16,16,16,6,6,6,6,QUOT1001,,79,6.5,50,50,50,50,58,Bachelor's Degree,Business,Economics,per year,Garden Point,English
,Bachelor of Business (Finance) Honours,34300,100,Feb,1 year,,,16,16,16,16,6,6,6,6,QUOT1001,,79,6.5,50,50,50,50,58,Bachelor's Degree,Business,Finance,per year,Garden Point,English
,Bachelor of Business (Financial Planning) Honours,31100,100,"Feb, Jul",1 year,,,16,16,16,16,6,6,6,6,QUOT1001,,79,6.5,50,50,50,50,58,Bachelor's Degree,Business,Finance,per year,Garden Point,English
,Bachelor of Business (Dean's Honours),32500,100,Feb,3 years,,,16,16,16,16,6,6,6,6,QUOT1001,,79,6.5,50,50,50,50,58,Bachelor's Degree,Business,Dean's,per year,Garden Point,English
,Bachelor of Communication (Advertising and Public Relations),31400,100,"Feb, Jul",3 years,,,16,16,16,16,6,6,6,6,QUOT1001,,79,6.5,50,50,50,50,58,Bachelor's Degree,Mass & Media,Advertising & Public Relations,per year,"Garden Point, Kelvin grove",English
,Bachelor of Biomedical Science/ Bachelor of Business,41700,100,Feb,4 years,,,16,16,16,16,6,6,6,6,QUOT1001,,79,6.5,50,50,50,50,58,Bachelor's Degree,Science,Biomedical Science,per year,Gardens Point (Brisbane),English
,Bachelor of Business/Bachelor of Communication (Creative Industries),31500,100,"Feb, Jul",4 years,,,16,16,16,16,6,6,6,6,QUOT1001,,79,6.5,50,50,50,50,58,Bachelor's Degree,Mass & Media,Creative Industries,per year,"Brisbane, Kelvin Grove",English
,Bachelor of Business (Honours) (Philanthropy and Nonprofit Studies),34300,100,Feb,1 year,,,16,16,16,16,6,6,6,6,QUOT1001,,79,6.5,50,50,50,50,58,Bachelor's Degree,Business,Philanthropy & Nonprofit Studies,per year,Brisbane,English
,Master of Business/Master of Business,33100,100,"Feb, Jul",2 years,,,16,16,16,16,6,6,6,6,QUOT1001,,79,6.5,50,50,50,50,58,Master's Science,Business,Business,per year,Brisbane,English
,Bachelor of Behavioural Science (Psychology)/Bachelor of Law (Honours),30700,100,"Feb, Jul",65 Month,,,16,16,16,16,6,6,6,6,QUOT1001,,79,6.5,50,50,50,50,58,Bachelor's Degree,Science,Psychology,per year,"Brisbane, Kelvin Grove",English
,Bachelor of Biomedical Science/ Bachelor of Law (Honour),42000,100,Feb,65 Month,,,16,16,16,16,6,6,6,6,QUOT1001,,79,6.5,50,50,50,50,58,Bachelor's Degree,Science,Biomedical Science,per year,Gardens Point (Brisbane),English
,Bachelor of Communication (Digital Media)/ Bachelor of Law (Honours),30900,100,"Feb, Jul",65 Month,,,16,16,16,16,6,6,6,6,QUOT1001,,79,6.5,50,50,50,50,58,Bachelor's Degree,Mass & Media,Digital Media,per year,"Brisbane, Kelvin Grove",English
,Bachelor of Communication (Entertainment Industries)/ Bachelor of Law (Honours),30900,100,"Feb, Jul",65 Month,,,16,16,16,16,6,6,6,6,QUOT1001,,79,6.5,50,50,50,50,58,Bachelor's Degree,Mass & Media,Entertainment Industries,per year,"Brisbane, Kelvin Grove",English
,Bachelor of Communication (Journalism)/ Bachelor of Law (Honours),30900,100,"Feb, Jul",65 Month,,,16,16,16,16,6,6,6,6,QUOT1001,,79,6.5,50,50,50,50,58,Bachelor's Degree,Mass & Media,Journalism,per year,"Brisbane, Kelvin Grove",English
,Bachelor of Creative Industries/Bachelor of Laws (Honours),30800,100,"Feb, Jul",65 Month,,,16,16,16,16,6,6,6,6,QUOT1001,,79,6.5,50,50,50,50,58,Bachelor's Degree,Social Science,Creative Industries,per year,"Brisbane, Kelvin Grove",English
,Bachelor of Design (Industrial Design)/ Bachelor of Laws (Honours),33200,100,"Feb, Jul",65 Month,,,16,16,16,16,6,6,6,6,QUOT1001,,79,6.5,50,50,50,50,58,Bachelor's Degree,Design,Industrial Design,per year,"Brisbane, Kelvin Grove",English
,Bachelor of Fine Arts (Creative Writing)/ Bachelor of Laws (Honours),30600,100,"Feb, Jul",65 Month,,,16,16,16,16,6,6,6,6,QUOT1001,,79,6.5,50,50,50,50,58,Bachelor's Degree,Fine Arts,Writing,per year,"Brisbane, Kelvin Grove",English
,"Bachelor of Fine Arts (Film, Screen and New Media)/ Bachelor of Laws (Honours)",30600,100,"Feb, Jul",65 Month,,,16,16,16,16,6,6,6,6,QUOT1001,,79,6.5,50,50,50,50,58,Bachelor's Degree,Fine Arts,Film,per year,"Brisbane, Kelvin Grove",English
,Bachelor of Information Technology/ Bachelor of Laws (Honours),33000,100,"Feb, Jul",65 Month,,,16,16,16,16,6,6,6,6,QUOT1001,,79,6.5,50,50,50,50,58,Bachelor's Degree,IT,IT,per year,Brisbane,English
,Bachelor of Justice/ Bachelor of Laws (Honours),30900,100,"Feb, Jul",65 Month,,,16,16,16,16,6,6,6,6,QUOT1001,,79,6.5,50,50,50,50,58,Bachelor's Degree,Law,Justice,per year,Brisbane,English
,Bachelor of Science/Bachelor of Laws (Honours),35400,100,"Feb, Jul",65 Month,,,16,16,16,16,6,6,6,6,QUOT1001,,79,6.5,50,50,50,50,58,Bachelor's Degree,Science,Science,per year,Brisbane,English
,Bachelor of Communication (Digital Media)/ Bachelor of Justice,31500,100,"Feb, Jul",4 years,,,16,16,16,16,6,6,6,6,QUOT1001,,79,6.5,50,50,50,50,58,Bachelor's Degree,Mass & Media,Digital Media,per year,"Brisbane, Kelvin Grove",English
,Bachelor of Communication (Journalism)/ Bachelor of Justice,31500,100,"Feb, Jul",4 years,,,16,16,16,16,6,6,6,6,QUOT1001,,79,6.5,50,50,50,50,58,Bachelor's Degree,Mass & Media,Journalism,per year,"Brisbane, Kelvin Grove",English
,Bachelor of Communication (Professional Communication)/ Bachelor of Justice,31500,100,"Feb, Jul",4 years,,,16,16,16,16,6,6,6,6,QUOT1001,,79,6.5,50,50,50,50,58,Bachelor's Degree,Mass & Media,Professional Accounting,per year,"Brisbane, Kelvin Grove",English
,Bachelor of Human Services/ Bachelor of Justice,31600,100,"Feb, Jul",4 years,,,16,16,16,16,6,6,6,6,QUOT1001,,79,6.5,50,50,50,50,58,Bachelor's Degree,Science,Human Services,per year,"Brisbane, Kelvin Grove",English
,Bachelor of Creative Industries,31800,100,"Feb, Jul",3 years,,,16,16,16,16,6,6,6,6,QUOT1001,,79,6.5,50,50,50,50,58,Bachelor's Degree,Social Science,Creative Industries,per year,Kelvin Grove,English
,Bachelor of Business/Bachelor of Creative Industries,31500,100,"Feb, Jul",4 years,,,16,16,16,16,6,6,6,6,QUOT1001,,79,6.5,50,50,50,50,58,Bachelor's Degree,Social Science,Creative Industries,per year,"Brisbane, Kelvin Grove",English
,Bachelor of Creative Industries/ Bachelor of Human Services,31500,100,"Feb, Jul",4 years,,,16,16,16,16,6,6,6,6,QUOT1001,,79,6.5,50,50,50,50,58,Bachelor's Degree,Science,Human Services,per year,Kelvin Grove,English
,Bachelor of Information Technology/ Bachelor of Creative Industries,34200,100,"Feb, Jul",4 years,,,16,16,16,16,6,6,6,6,QUOT1001,,79,6.5,50,50,50,50,58,Bachelor's Degree,Social Science,Creative Industries,per year,"Brisbane, Kelvin Grove",English
,Bachelor of Communication (Digital Media)/ Bachelor of Information Technology,33900,100,"Feb, Jul",4 years,,,16,16,16,16,6,6,6,6,QUOT1001,,79,6.5,50,50,50,50,58,Bachelor's Degree,IT,IT,per year,"Brisbane, Kelvin Grove",English
,Bachelor of Communication (Journalism)/ Bachelor of Science,37100,100,"Feb, Jul",4 years,,,16,16,16,16,6,6,6,6,QUOT1001,,79,6.5,50,50,50,50,58,Bachelor's Degree,Science,Science,per year,"Brisbane, Kelvin Grove",English
,Bachelor of Communication (Professional Communication)/ Bachelor of Nutrition Science,36400,100,Feb,4 years,,,16,16,16,16,6,6,6,6,QUOT1001,,79,6.5,50,50,50,50,58,Bachelor's Degree,Science,Nutrition Science,per year,Kelvin Grove,English
,Bachelor of Communication (Professional Communication)/ Bachelor of Public Health,35200,100,Feb,4 years,,,16,16,16,16,6,6,6,6,QUOT1001,,79,6.5,50,50,50,50,58,Bachelor's Degree,Health,Public Health,per year,Kelvin Grove,English
,Bachelor of Communication (Professional Communication)/ Bachelor of Science,37100,100,"Feb, Jul",4 years,,,16,16,16,16,6,6,6,6,QUOT1001,,79,6.5,50,50,50,50,58,Bachelor's Degree,Science,Science,per year,"Brisbane, Kelvin Grove",English
,Bachelor of Design - International (Fashion),33600,100,Feb,4 years,,,16,16,16,16,6,6,6,6,QUOT1001,,79,6.5,50,50,50,50,58,Bachelor's Degree,Design,Fashion,per year,"Brisbane, Kelvin Grove",English
,Bachelor of Design - International (Industrial Design),36200,100,"Feb, Jul",4 years,,,16,16,16,16,6,6,6,6,QUOT1001,,79,6.5,50,50,50,50,58,Bachelor's Degree,Design,Industrial Design,per year,Brisbane,English
,Bachelor of Design - International (Interaction Design),36200,100,"Feb, Jul",4 years,,,16,16,16,16,6,6,6,6,QUOT1001,,79,6.5,50,50,50,50,58,Bachelor's Degree,Design,Interaction Design,per year,"Brisbane, Kelvin Grove",English
,Bachelor of Design - International (Visual Communication),36200,100,"Feb, Jul",4 years,,,16,16,16,16,6,6,6,6,QUOT1001,,79,6.5,50,50,50,50,58,Bachelor's Degree,Design,Visual Communication,per year,"Brisbane, Kelvin Grove",English
,Bachelor of Design (Industrial Design)/Bachelor of Engineering (Honours),38800,100,"Feb, Jul",5 years,,,16,16,16,16,6,6,6,6,QUOT1001,,79,6.5,50,50,50,50,58,Bachelor's Degree,Engineering,Engineering,per year,Brisbane,English
,Bachelor of Design (Industrial Design)/Bachelor of Law (Honours),33200,100,"Feb, Jul",65 Month,,,16,16,16,16,6,6,6,6,QUOT1001,,79,6.5,50,50,50,50,58,Bachelor's Degree,Law,LAw,per year,Brisbane,English
,Bachelor of Design(Interaction Design)/ Bachelor of Engineering (Honours),38800,100,"Feb, Jul",5 years,,,16,16,16,16,6,6,6,6,QUOT1001,,79,6.5,50,50,50,50,58,Bachelor's Degree,Engineering,Engineering,per year,"Brisbane, Kelvin Grove",English
,Bachelor of Design(Interaction Design)/ Bachelor of Information Technology,36100,100,"Feb, Jul",5 years,,,16,16,16,16,6,6,6,6,QUOT1001,,79,6.5,50,50,50,50,58,Bachelor's Degree,IT,IT,per year,"Brisbane, Kelvin Grove",English
,Bachelor of Medical Imaging (Honours),36000,100,Feb,4 years,,,20,20,20,20,6.5,6.5,6.5,6.5,QUOT1001,,98,7,58,58,58,58,65,Bachelor's Degree,Medical,Medical Imaging,per year,Brisbane,English
,Bachelor of Nutrition & Dietetics (Honours),40200,100,Feb,4 years,,,20,20,20,20,6.5,6.5,6.5,6.5,QUOT1001,,98,7,58,58,58,58,65,Bachelor's Degree,Medical,Nutrition & Dietetics,per year,Kelvin Grove,English
,Bachelor of Podiatry,41600,100,Feb,4 years,,,20,20,20,20,6.5,6.5,6.5,6.5,QUOT1001,,98,7,58,58,58,58,65,Bachelor's Degree,Science,Podiatry,per year,Kelvin Grove,English
,Bachelor of Podiatry (Graduate Entry),31700,100,Jul,2.5 years,,,20,20,20,20,6.5,6.5,6.5,6.5,QUOT1001,,98,7,58,58,58,58,65,Bachelor's Degree,Science,Podiatry,per year,Kelvin Grove,English
,Bachelor of Vision Science,40200,100,Feb,3 years,,,20,20,20,20,6.5,6.5,6.5,6.5,QUOT1001,,98,7,58,58,58,58,65,Bachelor's Degree,Science,Vision Science,per year,Kelvin Grove,English
,Bachelor of Behavioural Science (Psychology)/Bachelor of Justice,31400,100,"Feb, Jul",65 Month,,,16,16,16,16,6,6,6,6,QUOT1001,,79,6.5,50,50,50,50,58,Bachelor's Degree,Science,Behavioural Science,per year,"Brisbane, Kelvin Grove",English
,Bachelor of Behavioural Science (Psychology)/Bachelor of Social Work,31400,100,"Feb, Jul",5 years,,,16,16,16,16,6,6,6,6,QUOT1001,,79,6.5,50,50,50,50,58,Bachelor's Degree,Science,Behavioural Science,per year,Kelvin Grove,English
,Bachelor of Nursing/Bachelor of Behavioural Science (Psychology),37100,100,Feb,4 years,,,23,23,23,23,7,7,7,7,QUOT1001,,98,7,65,65,65,65,65,Bachelor's Degree,Medical,Nursing,per year,Kelvin Grove,English
,Bachelor of Nursing/Bachelor of Public Health,35400,100,Feb,4 years,,,23,23,23,23,7,7,7,7,QUOT1001,,98,7,65,65,65,65,65,Bachelor's Degree,Medical,Nursing,per year,Kelvin Grove,English
,Bachelor of Behavioural Science (Psychology),31900,100,Feb,1 year,,,16,16,16,16,6,6,6,6,QUOT1001,,79,6.5,50,50,50,50,58,Bachelor's Degree,Science,Behavioural Science,per year,Kelvin Grove,English
,Bachelor of Human Services/ Bachelor of Public Health,34600,100,Feb,4 years,,,16,16,16,16,6,6,6,6,QUOT1001,,79,6.5,50,50,50,50,58,Bachelor's Degree,Health,Public Health,per year,Kelvin Grove,English
,Bachelor of Biomedical Science/ Bachelor of Mathematics,42200,100,Feb,4 years,,,16,16,16,16,6,6,6,6,QUOT1001,,79,6.5,50,50,50,50,58,Bachelor's Degree,Science,Mathematics,per year,"Gardens Point (Brisbane), Kelvin Grove",English
,Master of Advance Practice Nursing,30700,100,"Feb, Jul",1.5 years,,,16,16,16,16,6,6,6,6,QUOT1001,,79,6.5,50,50,50,50,58,Master's Science,Medical,Nursing,per year,Kelvin Grove,English
,Master of Optometry,33400,100,Feb,2 years,,,20,20,20,20,6.5,6.5,6.5,6.5,QUOT1001,,98,7,58,58,58,58,65,Master's Science,Medical,Optometry,per year,Kelvin Grove,English
,Master of Psychology (Educational and Developmental),31600,100,Feb,2 years,,,23,23,23,23,7,7,7,7,QUOT1001,,105,7.5,65,65,65,65,73,Master's Science,Science,Psychology,per year,Kelvin Grove,English
,Bachelor of Engineering (Honours) (Computer and Software Systems),41500,100,"Feb, Jul",4 years,,,16,16,16,16,6,6,6,6,QUOT1001,,79,6.5,50,50,50,50,58,Bachelor's Degree,Engineering,Computer Engineering,per year,Brisbane,English
,Bachelor of Design (Interaction Design)/ Bachelor of Information Technology,36100,100,"Feb, Jul",4 years,,,16,16,16,16,6,6,6,6,QUOT1001,,79,6.5,50,50,50,50,58,Bachelor's Degree,IT,IT,per year,"Brisbane, Kelvin Grove",English
,Bachelor of Engineering (Honours) / Bachelor of Information Technology,38500,100,"Feb, Jul",5 years,,,16,16,16,16,6,6,6,6,QUOT1001,,79,6.5,50,50,50,50,58,Bachelor's Degree,IT,IT,per year,Brisbane,English
,Bachelor of Games And Interactive Environments/ Bachelor of Mathematics,35400,100,Feb,4 years,,,16,16,16,16,6,6,6,6,QUOT1001,,79,6.5,50,50,50,50,58,Bachelor's Degree,Science,Mathematics,per year,Garden Point,English
,Bachelor of InformationTechnology/ Bachelor of Mathematics,35700,100,Feb,4 years,,,16,16,16,16,6,6,6,6,QUOT1001,,79,6.5,50,50,50,50,58,Bachelor's Degree,Science,Mathematics,per year,Garden Point,English
,Bachelor of Science/ Bachelor of Games And Interactive Environments,37100,100,Feb,4 years,,,16,16,16,16,6,6,6,6,QUOT1001,,79,6.5,50,50,50,50,58,Bachelor's Degree,Games & Interactive Environments,Games & Interactive Environments,per year,Garden Point,English
,Bachelor of Science/ Bachelor of Information Technology,38900,100,"Feb, Jul",4 years,,,16,16,16,16,6,6,6,6,QUOT1001,,79,6.5,50,50,50,50,58,Bachelor's Degree,IT,IT,per year,Garden Point,English
,Bachelor of Engineering (Honours)/ Bachelor of Mathematics,38100,100,Feb,5 years,,,16,16,16,16,6,6,6,6,QUOT1001,,79,6.5,50,50,50,50,58,Bachelor's Degree,Science,Mathematics,per year,Garden Point,English
,Bachelor of Engineering (Honours)/Bachelor of Science,39400,100,"Feb, Jul",5 years,,,16,16,16,16,6,6,6,6,QUOT1001,,79,6.5,50,50,50,50,58,Bachelor's Degree,Science,Science,per year,Garden Point,English
,Bachelor of Mathematics (Optional Research),34100,100,Feb,3 years,,,16,16,16,16,6,6,6,6,QUOT1001,,79,6.5,50,50,50,50,58,Bachelor's Degree,Science,Mathematics,per year,Brisbane,English
,Bachelor of Mathematics (Honours),42600,100,"Feb, Jul",1 year,,,16,16,16,16,6,6,6,6,QUOT1001,,79,6.5,50,50,50,50,58,Bachelor's Degree,Science,Mathematics,per year,Brisbane,English
,Bachelor of Science (Honours),39800,100,"Feb, Jul",1 year,,,16,16,16,16,6,6,6,6,QUOT1001,,79,6.5,50,50,50,50,58,Bachelor's Degree,Science,Science,per year,Brisbane,English
,Master of Business Process Management,34700,100,"Feb, Jul",1.5 years,,,16,16,16,16,6,6,6,6,QUOT1001,,79,6.5,50,50,50,50,58,Master's Science,Business,Business,per year,Brisbane,English
,Master of Architecture,34700,100,"Feb, Jul",1 year,,,16,16,16,16,6,6,6,6,QUOT1001,,79,6.5,50,50,50,50,58,Master's Science,Architecture ,Architecture ,per year,Brisbane,English
,Master of Business Administration (MBA),49400,100,Sep Feb,1.5 years,,,16,16,16,16,6,6,6,6,QUOT1001,,79,6.5,50,50,50,50,58,Master's Science,Business,Administration,per year,Brisbane,English
,Master of Project Management,34500,100,"Feb, Jul",1.5 years,,,16,16,16,16,6,6,6,6,QUOT1001,,79,6.5,50,50,50,50,58,Master's Science,Business,Project Management,per year,Brisbane,English
,Master of Professional Engineering (Civil),38000,100,"Feb, Jul",2 years,,,16,16,16,16,6,6,6,6,QUOT1001,,79,6.5,50,50,50,50,58,Master's Science,Engineering,Civil Enginering,per year,Gardens Point,English
,Master of Engineering and Master of Project Management,34500,100,"Feb, Jul",2 years,,,16,16,16,16,6,6,6,6,QUOT1001,,79,6.5,50,50,50,50,58,Master's Science,Engineering,Engineering,per year,Gardens Point,English
,Master of Engineering Management and Master of Project Management,35800,100,"Feb, Jul",2 years,,,16,16,16,16,6,6,6,6,QUOT1001,,79,6.5,50,50,50,50,58,Master's Science,Engineering,Management,per year,Gardens Point,English
,Master of Engineering Management and Master of Engineering,35800,100,"Feb, Jul",2 years,,,16,16,16,16,6,6,6,6,QUOT1001,,79,6.5,50,50,50,50,58,Master's Science,Engineering,Management,per year,Gardens Point,English
,Master of Data Analytics,34700,100,"Feb, Jul",2 years,,,16,16,16,16,6,6,6,6,QUOT1001,,79,6.5,50,50,50,50,58,Master's Science,Business,Data Analytics,per year,Brisbane,English
,Bachelor of Design (Architecture),36100,100,"Feb, Jul",3 years,,,16,16,16,16,6,6,6,6,QUOT1001,,79,6.5,50,50,50,50,58,Bachelor's Degree,Architecture ,Design,per year,Brisbane,English
,Bachelor of Design (Interior Architecture),36100,100,"Feb, Jul",3 years,,,16,16,16,16,6,6,6,6,QUOT1001,,79,6.5,50,50,50,50,58,Bachelor's Degree,Architecture ,Interior Architecture,per year,Brisbane,English
,Bachelor of Design (Landscape Architecture),36100,100,"Feb, Jul",3 years,,,16,16,16,16,6,6,6,6,QUOT1001,,79,6.5,50,50,50,50,58,Bachelor's Degree,Architecture ,Landscape Architecture,per year,Brisbane,English
,Bachelor of Design - International (Architecture),36200,100,"Feb, Jul",4 years,,,16,16,16,16,6,6,6,6,QUOT1001,,79,6.5,50,50,50,50,58,Bachelor's Degree,Architecture ,Architecture,per year,Brisbane,English
,Bachelor of Design - International (Interior Architecture),36200,100,"Feb, Jul",4 years,,,16,16,16,16,6,6,6,6,QUOT1001,,79,6.5,50,50,50,50,58,Bachelor's Degree,Architecture ,Interior Architecture,per year,Brisbane,English
,Bachelor of Design - International (Landscape Architecture),36200,100,"Feb, Jul",4 years,,,16,16,16,16,6,6,6,6,QUOT1001,,79,6.5,50,50,50,50,58,Bachelor's Degree,Architecture ,Landscape Architecture,per year,Brisbane,English
,Bachelor of Business/Bachelor of Design (Architecture),33600,100,"Feb, Jul",4.5 years,,,16,16,16,16,6,6,6,6,QUOT1001,,79,6.5,50,50,50,50,58,Bachelor's Degree,Architecture ,Architecture,per year,Brisbane,English
,Bachelor of Business/Bachelor of Design (Interior Architecture),33700,100,"Feb, Jul",4 years,,,16,16,16,16,6,6,6,6,QUOT1001,,79,6.5,50,50,50,50,58,Bachelor's Degree,Architecture ,Interior Architecture,per year,Brisbane,English
,Bachelor of Business/Bachelor of Design (Landscape Architecture),33700,100,"Feb, Jul",4 years,,,16,16,16,16,6,6,6,6,QUOT1001,,79,6.5,50,50,50,50,58,Bachelor's Degree,Architecture ,Landscape Architecture,per year,Brisbane,English
,Bachelor of Design (Architecture)/Bachelor of Property Economics,33900,100,"Feb, Jul",4 years,,,16,16,16,16,6,6,6,6,QUOT1001,,79,6.5,50,50,50,50,58,Bachelor's Degree,Real Estate,Property Economics,per year,Brisbane,English
,Bachelor of Design (Interior Architecture)/Bachelor of Property Economics,33900,100,"Feb, Jul",4 years,,,16,16,16,16,6,6,6,6,QUOT1001,,79,6.5,50,50,50,50,58,Bachelor's Degree,Real Estate,Property Economics,per year,Brisbane,English
,Bachelor of Urban Development (Honours) (Urban and Regional Planning),32300,100,"Feb, Jul",4 years,,,16,16,16,16,6,6,6,6,QUOT1001,,79,6.5,50,50,50,50,58,Bachelor's Degree,Architecture ,Urban & Regional Planning,per year,Brisbane,English
,Bachelor of Laws (Honours),30300,100,"Feb, Jul",4 years,,,16,16,16,16,6,6,6,6,QUOT1001,,79,6.5,50,50,50,50,58,Bachelor's Degree,Law,Laws,per year,Brisbane,English
,Bachelor of Laws (Honours) - Graduate Entry,30300,100,"Feb, Jul",3 years,,,16,16,16,16,6,6,6,6,QUOT1001,,79,6.5,50,50,50,50,58,Bachelor's Degree,Law,Honours,per year,Brisbane,English
,Bachelor of Behavioural Science (Psychology)/Bachelor of Justice,31400,100,"Feb, Jul",4 years,,,16,16,16,16,6,6,6,6,QUOT1001,,79,6.5,50,50,50,50,58,Bachelor's Degree,Law,Justice,per year,Brisbane,English
,Bachelor of Business (Financial Planning),31100,100,"Feb, Jul",3 years,,,16,16,16,16,6,6,6,6,QUOT1001,,79,6.5,50,50,50,50,58,Bachelor's Degree,Business,Financial Planning,per year,Brisbane,English
,Bachelor of Business - International,31100,100,"Feb, Jul",4 years,,,16,16,16,16,6,6,6,6,QUOT1001,,79,6.5,50,50,50,50,58,Bachelor's Degree,Business,International Business,per year,Brisbane,English
,Bachelor of Pharmacy (Honours),38000,100,Feb,4 years,,,16,16,16,16,6,6,6,6,QUOT1001,,79,6.5,50,50,50,50,58,Bachelor's Degree,Medical,Pharmacy,per year,Brisbane,English
,Bachelor of Engineering (Honours) (Chemical Process),41500,100,"Feb, Jul",4 years,,,16,16,16,16,6,6,6,6,QUOT1001,,79,6.5,50,50,50,50,58,Bachelor's Degree,Engineering,Chemical Process Engineering,per year,Brisbane,English
,Master of Digital Communication,30300,100,"Feb, Jul",2 years,,,16,16,16,16,6,6,6,6,QUOT1001,,79,6.5,50,50,50,50,58,Master's Science,Mass & Media,Digital Communication,per year,Brisbane,English
,Master of Philosophy,0,100,"Feb, Jul",2 years,,,16,16,16,16,6,6,6,6,QUOT1001,,79,6.5,50,50,50,50,58,Master's Science,Science,Philosophy,per year,Brisbane,English
,Master of Project Management,34500,100,"Feb, Jul",2 years,,,16,16,16,16,6,6,6,6,QUOT1001,,79,6.5,50,50,50,50,58,Master's Science,Business,Project Management,per year,Brisbane,English
